,lamb,fun,p0,p1,p2,p3,p4,p5,p6,p7,p8,p9
0,0.01,-15572.004792765232,72.23870908,1266.81172459,985.01148993,1019.54456052,615.14569382,536.08373081,548.81029448,2895.20612785,660.34773192,489.15842055
1,0.012663801734674034,-15572.071333959715,90.29355398,1267.30075908,984.99527005,1019.01968819,615.25610212,535.85099393,543.36255841,2895.0225961,660.19113802,489.27146326
2,0.0160371874375133,-15572.128076398418,75.59473468,1267.26468267,984.92762982,1018.78272943,615.54065132,535.78212008,539.06828547,2894.90824232,660.40309025,489.34918227
3,0.020309176209047358,-15572.179571109707,66.13099103,1267.26162813,985.06960672,1018.12101477,615.57282602,535.81859623,534.36463831,2894.97112914,660.28691881,489.32165553
4,0.025719138090593445,-15572.252585179283,65.13474999,1267.19232124,985.1349299,1015.55665417,615.83431958,535.65301124,526.97110914,2894.96303771,660.40040646,489.3309433
5,0.03257020655659783,-15572.388520991004,73.46648767,1267.51374759,985.1081011,1009.36330035,616.25102632,535.5767378,514.56817739,2894.96513259,660.43720545,489.3130311
6,0.04124626382901352,-15572.638770364309,94.27083341,1267.50880047,984.96729019,995.19896032,616.85992271,535.48398744,492.16708874,2894.98150727,660.46379746,489.40752916
7,0.052233450742668434,-15573.04488300171,134.03523024,1268.10476423,984.94165185,963.02263137,617.83296196,535.32793951,451.06352427,2895.02711512,660.3667729,489.38356654
8,0.06614740641230149,-15573.595760200486,215.19928054,1268.83862926,984.8409332,885.36624625,619.22286943,534.95862292,367.05787496,2894.96111078,660.42108358,489.44053242
9,0.08376776400682916,-15574.191735538563,497.81251828,1270.04625896,984.74581277,601.37052531,620.84282519,534.55336701,80.00436289,2895.11542995,660.41937953,489.32335038
10,0.10608183551394483,-15571.973288568544,0.00219625069,1267.40394,985.240737,1018.79152,614.788945,535.675216,552.15489,2894.91012,660.701021,489.321103
11,0.13433993325989002,-15571.970986200977,0.0451527946,1268.20727,985.872385,1018.74643,614.162919,536.707122,552.102283,2897.14835,660.063163,489.528458
12,0.17012542798525893,-15571.966899742023,0.0527629474,1267.77387,984.849325,1016.25498,613.418419,535.760875,551.41881,2890.81996,661.478687,489.382119
13,0.21544346900318834,-15571.952986215947,0.0182497768,1271.66174,983.693664,1018.6268,612.65708,534.171165,548.993983,2892.29608,661.154098,492.318596
14,0.2728333376486768,-15571.965174949735,0.0626011594,1265.86968,986.459516,1017.95548,614.303229,536.200888,552.12734,2894.16146,659.688471,489.693977
15,0.34551072945922184,-15571.858001377754,0.695233588,1266.37522,985.650459,1028.59796,614.786762,535.928075,551.686022,2892.90122,662.895556,488.75087
16,0.43754793750741844,-15508.347752700327,1.82283096,1339.1721,1120.41234,938.709478,689.962321,631.226419,562.429562,2241.0131,789.3406,672.279531
17,0.5541020330009492,-15571.944466349627,0.0665181063,1268.00693,990.348266,1016.83509,613.694169,536.460403,550.993112,2894.09708,657.608904,489.536701
18,0.7017038286703826,-15571.956723669806,0.05619744,1265.29574,985.930632,1019.02676,612.641966,536.631407,553.217786,2895.42878,660.597121,489.727155
19,0.8886238162743403,-15571.929883061235,0.107185395,1266.12429,983.846309,1024.82858,614.676304,539.530639,552.922177,2898.26009,663.847951,489.264191
20,1.1253355826007645,-15571.929741545719,0.167383876,1266.59865,984.030265,1017.92399,614.653757,537.45162,553.012551,2895.02722,661.221408,489.640591
21,1.4251026703029979,-15512.703903555175,0.65400293,1361.52209,1149.81496,957.119731,680.7164,639.427595,557.303565,2345.52398,809.324292,691.048903
22,1.8047217668271702,-15571.967642482121,0.0257153328,1266.30779,985.458402,1018.254,614.677377,535.384969,552.304321,2891.66129,661.034738,488.391857
23,2.2854638641349907,-15571.972568089846,0.00366981099,1266.46675,984.94521,1018.36383,614.312258,536.044026,552.003176,2895.04512,659.873856,489.706756
24,2.8942661247167516,-15571.97323377878,3.49227385e-05,1267.13289,985.529268,1018.80453,614.551466,535.833977,552.149083,2894.4923,660.423057,489.549989
25,3.665241237079626,-15572.036024786665,2.26514332,1265.22128,985.079729,1018.75938,612.589034,536.21187,552.242403,2892.98276,660.540755,489.422045
26,4.6415888336127775,-15572.161185352019,3.98954237,1263.73443509,984.86352784,1018.60494292,611.19440478,536.16256011,552.32632304,2890.94818173,660.65761726,489.56527459
27,5.878016072274912,-15572.28268737874,5.33122803,1262.73982589,984.78805591,1018.62390792,610.31397944,536.22913462,552.27780368,2889.52653838,660.77794647,489.57635924
28,7.443803013251689,-15572.387702417573,6.61277321,1261.65274742,984.84642115,1018.78499421,609.83877343,536.16348981,552.41383156,2888.30213617,660.85410852,489.64731745
29,9.426684551178854,-15572.483655940763,8.08425847,1260.66192446,984.88624324,1018.60868414,609.50332164,536.10392091,552.41533246,2886.38988065,660.88596688,489.76027851
30,11.937766417144358,-15572.580500623659,9.95798878,1259.66218205,984.70386687,1018.77650342,609.10031804,536.10437361,552.37971348,2884.09681416,661.29256702,489.87964383
31,15.117750706156615,-15572.683643734723,12.38490073,1258.65778612,984.7774745,1018.77136477,608.83569775,536.05186269,552.39500305,2881.97679076,661.28166171,489.90380128
32,19.144819761699576,-15572.792908937812,15.52780993,1257.43771141,984.77139981,1018.8198621,608.50567374,536.0856632,552.51165566,2877.80999448,661.6444255,490.16769424
33,24.244620170823282,-15572.904538593699,19.50186161,1256.66237947,984.89612179,1018.92334763,608.15412153,536.06038842,552.47406124,2873.45315242,661.82380408,490.28408842
34,30.702906297578497,-15573.014980760745,24.57626565,1255.67542649,984.88054597,1018.92532496,607.94744432,535.97601618,552.36981699,2867.34598154,662.31932799,490.65809565
35,38.88155180308085,-15573.123714228092,30.99787412,1254.95687329,984.95378813,1018.92324685,607.75931169,535.82571901,552.40295553,2860.1261213,662.70206944,491.03432998
36,49.238826317067364,-15573.232479132836,39.35471541,1254.31932243,984.96770035,1019.29708094,607.518948,536.07463465,552.41695358,2850.99225324,662.94891328,491.34619174
37,62.355073412739124,-15573.33894301895,50.06164817,1253.56743417,984.91358211,1019.03497405,607.39398428,535.90297657,552.46658656,2840.42660097,662.91657282,491.47399021
38,78.96522868499724,-15573.428108762413,63.70711464,1253.06551775,984.97467126,1018.99572959,607.15269891,535.97505297,552.54547237,2827.71585404,662.2277618,491.13090619
39,100.0,-15573.467929336435,79.61709512,1252.89322851,984.94066433,1019.33598488,607.25393699,535.92361113,552.50537406,2814.734233,661.25475318,489.94941483
40,0.01,-15572.004884995527,72.23870907570459,1267.16535673,985.06203901,1019.21333082,615.01961999,535.905449,548.82362506,2894.91345838,660.35526935,489.32341774
41,0.01,144827.39813543746,7223870.907570459,1273.31156715,984.32610964,761.116352,649.64122817,528.11977837,110.64352566,2894.91387542,660.35527306,489.32345699
42,0.01,-15572.005123674695,109.25199829629,1267.16542025,985.06208478,1019.20867383,615.08998737,535.88958417,547.00110561,2894.91352863,660.35524759,489.32339552
43,0.01,64257.16701624015,3611990.079784378,1271.52902321,984.53952445,827.64749543,645.32443205,529.08424691,138.68622381,2894.91332515,660.35539511,489.3234671
44,0.01,-15571.994967559396,146.44769429001823,1267.16553292,985.06206817,1019.20380066,615.15929391,535.87381944,545.21451207,2894.91363447,660.35533907,489.32341997
45,0.01,-15551.978238356107,3117.6339794397054,1267.17324329,985.06116845,1018.82384823,618.4184543,535.13597558,468.98602706,2894.91363348,660.3553219,489.32342469
46,0.01,-15571.894052369487,266.9676575031883,1267.16586508,985.06200344,1019.18836433,615.37456748,535.8250655,539.71219282,2894.91368936,660.35534624,489.32340338
47,0.01,-15569.84702739747,921.2290228698868,1267.16749581,985.06187052,1019.10464999,616.35132296,535.60386577,515.62854871,2894.91361883,660.35527511,489.32338934
48,0.01,-15571.446973696202,494.221341246441,1267.16642624,985.06194821,1019.15929454,615.74662453,535.74078469,530.37006266,2894.91366031,660.35531183,489.32343378
49,0.01,-15571.148111798648,596.3098150468227,1267.16672358,985.0619487,1019.14623463,615.90137505,535.70575393,526.54742389,2894.91366623,660.35529052,489.32345171
50,0.01,-15571.18594252171,584.381817418258,1267.16663536,985.06192483,1019.14773379,615.88359642,535.70976802,526.98339415,2894.91364937,660.35532169,489.32341359
51,0.01,-15571.183057580589,585.2998919764333,1267.16669473,985.06188864,1019.14764262,615.88498465,535.7094254,526.94967935,2894.9135424,660.35531619,489.32343001
52,0.01,-15571.182965545064,585.3291569710331,1267.16669395,985.061868,1019.1476662,615.88507411,535.70939643,526.94862654,2894.91350509,660.35532511,489.32341497
53,0.012663801734674034,-15572.07135019475,90.29355398453927,1267.16706131,985.06183707,1019.12711553,615.227411,535.85842194,543.35083943,2894.91364595,660.35527208,489.32339168
54,0.012663801734674034,388146.31456925516,9029355.398453927,1284.46827,982.992371,442.783999,675.469158,522.384464,1.51501925,2894.91389,660.355208,489.323502
55,0.012663801734674034,-15572.06775331909,108.67283469198324,1267.16741299,985.06185845,1019.10769446,615.29547769,535.84296776,541.58684913,2894.91353434,660.35539675,489.32347627
56,0.012663801734674034,-15489.706992427196,4287.473213463106,1267.25492104,985.05134305,1014.74336487,622.18722569,534.28404065,394.46268192,2894.91362619,660.3553002,489.3233956
57,0.012663801734674034,-15572.032054960939,150.1855227419126,1267.16831829,985.06168305,1019.06374837,615.44586906,535.80889211,537.71853806,2894.91358466,660.35530044,489.32342913
58,0.012663801734674034,-15566.39493294807,896.0695247176889,1267.18403827,985.05986171,1018.27720889,617.55957176,535.33032067,486.88031825,2894.91360826,660.35531508,489.32341109
59,0.012663801734674034,-15571.786447958952,253.72089967685693,1267.1705094,985.06145684,1018.95444972,615.80157692,535.72832896,528.70941448,2894.91360861,660.35529843,489.32339434
60,0.012663801734674034,-15570.966889269273,421.07598644019197,1267.17404323,985.06099524,1018.77771003,616.3257006,535.60963007,515.78082982,2894.91355531,660.35533137,489.32344921
61,0.012663801734674034,-15571.304271466375,363.35176634324654,1267.17279238,985.06123377,1018.83858334,616.15139328,535.64911128,520.03634126,2894.91353701,660.3553171,489.32336934
62,0.012663801734674034,-15571.253328346836,372.71054813069605,1267.17297406,985.06117941,1018.82876159,616.1800483,535.64261904,519.33265022,2894.913643,660.35532059,489.32342795
63,0.012663801734674034,-15571.249567218805,373.39092779029056,1267.17302167,985.06118085,1018.82796688,616.18212704,535.64210979,519.28177245,2894.9135519,660.35531795,489.32337384
64,0.012663801734674034,-15571.249670527564,373.37225824390003,1267.17305302,985.06114192,1018.82797522,616.18209862,535.64213036,519.28311493,2894.91359065,660.35535031,489.32337023
65,0.0160371874375133,-15572.12809630009,75.59473468337468,1267.17346473,985.06110141,1018.79927064,615.38134066,535.8235313,539.14154191,2894.91358955,660.35531649,489.3233889
66,0.0160371874375133,582035.0690794465,7559473.468337468,1316.84657,992.298374,196.953602,643.966258,492.380996,0.287990409,2886.93122,767.088335,538.977551
67,0.0160371874375133,-15572.125616346995,85.98981758971259,1267.17462574,985.06097098,1018.74113751,615.44790217,535.80849222,537.40466035,2894.91357783,660.35525575,489.32339169
68,0.0160371874375133,-15449.909200135586,3518.653250377814,1267.54214974,985.01694092,1000.26407672,625.49526189,533.537396,337.07381224,2894.91355952,660.35529628,489.32340775
69,0.0160371874375133,-15572.100782047382,109.00135668139285,1267.17720694,985.06063499,1018.61248783,615.59296046,535.77557963,533.64080405,2894.9135958,660.35535285,489.32338705
70,0.0160371874375133,-15564.088538087188,714.4409462643271,1267.24347542,985.05272772,1015.25101127,618.61910593,535.09055853,462.07273237,2894.91356107,660.35530261,489.32343175
71,0.0160371874375133,-15571.91598220675,169.03474679229197,1267.18378405,985.05985994,1018.2770828,615.9580963,535.69286331,524.31441923,2894.91364886,660.35530444,489.32336663
72,0.0160371874375133,-15570.820997782728,314.3283991236881,1267.19972278,985.05791352,1017.46720829,616.77075994,535.50888931,504.27449732,2894.91363506,660.35532511,489.32341001
73,0.0160371874375133,-15571.412453554709,249.93166243621152,1267.19262088,985.05885193,1017.82583043,616.4220668,535.58779064,512.75465164,2894.91353028,660.35531494,489.32339432
74,0.0160371874375133,-15571.31826000698,261.48792010366685,1267.19394173,985.05865223,1017.76138848,616.48598084,535.57333116,511.18851212,2894.91367286,660.35525853,489.32341147
75,0.0160371874375133,-15571.306266647121,262.9139313162516,1267.19415847,985.05863826,1017.75355579,616.49380036,535.57161422,510.99668866,2894.91355511,660.35532098,489.32338476
76,0.0160371874375133,-15571.306377577279,262.90078561968477,1267.1941137,985.05859999,1017.75351841,616.49375022,535.57156661,510.99840426,2894.91361886,660.35531381,489.32342686
77,0.020309176209047358,-15572.17958800579,66.13099103051525,1267.19174459,985.05888673,1017.84228106,615.55058049,535.78517682,534.29087254,2894.91358966,660.35524333,489.32339333
78,0.020309176209047358,822538.5305838026,6613099.103051525,1311.68172,995.670538,0.0676899449,674.974683,700.889755,0.0244387348,2942.91269,632.196414,466.732364
79,0.020309176209047358,-15572.177872215047,72.61515937437042,1267.19430973,985.05858513,1017.70717955,615.61445389,535.77069418,532.59802955,2894.91365689,660.35531266,489.32336143
80,0.020309176209047358,-15395.878637852773,3170.2752135713677,1268.36798701,984.91802004,958.75527656,630.66974686,532.37168669,260.19688537,2894.91361984,660.35529309,489.32340433
81,0.020309176209047358,-15572.160665976375,87.02405191731695,1267.20006155,985.05795538,1017.40728952,615.75520392,535.73885434,528.89245677,2894.91356876,660.35531324,489.32344207
82,0.020309176209047358,-15560.720800843337,638.9927945714778,1267.41909088,985.0316371,1006.11412925,620.14760434,534.74489062,427.26691145,2894.91359772,660.35529807,489.32337064
83,0.020309176209047358,-15572.025547256693,125.76156237500555,1267.21561655,985.05607545,1016.6024309,616.12522779,535.65506036,519.29820012,2894.91359785,660.35531915,489.32340952
84,0.020309176209047358,-15570.56299674886,265.1901119048512,1267.2712897,985.04936303,1013.72067851,617.36595153,535.37410354,488.62471905,2894.91369143,660.35531938,489.32340986
85,0.020309176209047358,-15571.538045550336,189.41868792475714,1267.24108162,985.0530235,1015.28371573,616.70849516,535.52291422,504.5994932,2894.91365558,660.35535054,489.32336915
86,0.020309176209047358,-15571.344260633936,207.37601784379487,1267.24822913,985.05218643,1014.91257686,616.8678052,535.4869264,500.67276903,2894.91349162,660.35530441,489.32340461
87,0.020309176209047358,-15571.358583389625,206.12053081286308,1267.24772774,985.05220336,1014.93859612,616.85676833,535.48938902,500.94432662,2894.91355849,660.35526687,489.32339771
88,0.020309176209047358,-15571.357812062419,206.18840171814483,1267.24773822,985.05218509,1014.93719845,616.8573356,535.48928263,500.92965145,2894.91361631,660.35532455,489.32339024
89,0.020309176209047358,-15571.35769487021,206.19871113823174,1267.24772226,985.05220998,1014.93692958,616.85740299,535.48926645,500.927379,2894.91359612,660.35532892,489.32336982
90,0.025719138090593445,-15572.252596372988,65.13474999029299,1267.23676366,985.05352986,1015.38223949,615.79268854,535.73034783,527.01851176,2894.91361788,660.35527482,489.32336665
91,0.025719138090593445,1213562.8501076484,6513474.999029299,1375.375,1231.37183,0.00600771614,938.395392,565.784667,0.0173256427,3135.6969,765.431894,566.821898
92,0.025719138090593445,-15572.251369969372,69.48947520666539,1267.24152341,985.05293394,1015.12658703,615.85263845,535.71677636,525.39850108,2894.91362807,660.35534979,489.3233592
93,0.025719138090593445,-15335.636589890553,2981.791805399243,1270.19124774,984.69959718,869.47407727,639.1455965,530.46779207,160.1697713,2894.91354352,660.35526798,489.32338755
94,0.025719138090593445,-15572.239282079165,79.58893022807379,1267.25263037,985.05163536,1014.53405184,615.99084778,535.68549618,521.68006254,2894.91351175,660.35538267,489.32341839
95,0.025719138090593445,-15556.230653853807,627.5284796593428,1267.84401434,984.98075792,983.42071056,622.42626871,534.23001746,377.40188451,2894.91360905,660.35537115,489.32338406
96,0.025719138090593445,-15572.141246239324,107.26067068569485,1267.28293756,985.04799748,1012.91434468,616.3653055,535.600693,511.76084234,2894.91355707,660.35528152,489.32337568
97,0.025719138090593445,-15570.199596406623,251.99952367518648,1267.44065254,985.02907494,1004.52778211,618.22713381,535.17924868,465.55567895,2894.91358903,660.35530089,489.32341546
98,0.025719138090593445,-15571.699125472345,160.2186330925798,1267.34080259,985.04106546,1009.82916735,617.06491983,535.44226404,493.80921875,2894.913606,660.3553217,489.32345425
99,0.025719138090593445,-15571.396520393064,184.0215704329182,1267.36673905,985.03793368,1008.44875271,617.37230495,535.37269166,486.15158037,2894.91352445,660.35530195,489.32341831
100,0.025719138090593445,-15571.433954965618,181.32331079721573,1267.36382015,985.03823135,1008.60505425,617.33765843,535.38053103,487.00747879,2894.91354715,660.35533212,489.32341043
101,0.025719138090593445,-15571.43085358515,181.54904791874284,1267.3640373,985.03826775,1008.59202495,617.34056061,535.37986057,486.9357083,2894.91368073,660.35529627,489.32338964
102,0.025719138090593445,-15571.430728754667,181.55812537113977,1267.36407545,985.03820536,1008.59140041,617.34071732,535.37981052,486.93283006,2894.91361937,660.35530575,489.32342897
103,0.03257020655659783,-15572.388537854527,73.46648767274093,1267.33998332,985.04113571,1009.40149119,616.18376914,535.6417419,514.61218467,2894.91354447,660.35531562,489.32341694
104,0.03257020655659783,1932961.4068609136,7346648.767274093,1311.25967,941.575804,0.91915606,709.253644,541.137935,0.0549972969,2976.25823,571.194417,792.522449
105,0.03257020655659783,-15572.387842610908,76.56484825325802,1267.34737402,985.04028215,1008.99018536,616.23838833,535.62937342,513.0896863,2894.91369995,660.35531004,489.32338537
106,0.03257020655659783,-15132.294628920685,3733.9110825035746,1275.33438,984.072177,645.024918,659.370212,525.944089,1.00581725e-06,2894.95488,660.347592,489.327017
107,0.03257020655659783,-15572.38126127589,83.38837334258822,1267.36359919,985.03830361,1008.08482559,616.35867443,535.60212576,509.75738484,2894.91353637,660.35530516,489.32342177
108,0.03257020655659783,-15543.26161730741,769.2122859280795,1268.9680187,984.84611505,922.36018028,627.53973509,533.07649423,279.26757643,2894.91357974,660.35530741,489.32341473
109,0.03257020655659783,-15572.325907159962,102.57147683228364,1267.40911816,985.03288161,1005.54567431,616.69584528,535.52583022,500.54006922,2894.91355719,660.35532472,489.3234149
110,0.03257020655659783,-15569.085163688495,291.21099337701713,1267.85495676,984.97944186,981.02402775,619.93677843,534.79255495,420.51838162,2894.91347811,660.35534305,489.32340467
111,0.03257020655659783,-15571.996364737464,146.76051704448054,1267.51386758,985.02030053,999.72875946,617.46734173,535.35118318,480.12410448,2894.91361523,660.35536873,489.32336516
112,0.03257020655659783,-15571.444375246556,187.94351205414063,1267.61131841,985.00858573,994.34793565,618.17971049,535.18996964,462.06736938,2894.91353041,660.35528845,489.323454
113,0.03257020655659783,-15571.586620618547,178.81266949302972,1267.5897391,985.01118895,995.5375913,618.02230798,535.22556614,465.99324522,2894.91358612,660.35531111,489.32341954
114,0.03257020655659783,-15571.567431070813,180.0876030220903,1267.59282621,985.01086745,995.3713632,618.04432758,535.22060312,465.44249536,2894.91359892,660.35529187,489.32340769
115,0.03257020655659783,-15571.566758848337,180.13200293819577,1267.59282075,985.01085041,995.36561054,618.04505528,535.22044926,465.42325973,2894.91362022,660.35530236,489.32339089
116,0.03257020655659783,-15571.566895231274,180.12299633804787,1267.59284473,985.01077813,995.3667237,618.04491229,535.22050442,465.42721777,2894.91356945,660.35530662,489.32343872
117,0.04124626382901352,-15572.638779877738,94.27083341406345,1267.56380555,985.01435236,995.24079746,616.83224746,535.49497729,492.1784341,2894.91350196,660.35529127,489.32339538
118,0.04124626382901352,3334665.585616019,9427083.341406345,1205.84705,980.979987,0.0121520941,560.331868,555.887219,0.0427564937,2806.80669,548.116625,706.421488
119,0.04124626382901352,-15572.638359005796,96.58315586898436,1267.57362069,985.01312662,994.65838788,616.88078768,535.48392259,490.76589532,2894.9136028,660.35530208,489.32345646
120,0.04124626382901352,-14787.399241155628,4607.0259690233925,1289.48090151,989.47357537,248.01611391,637.74774977,541.8175701,19.30488311,2901.60952773,669.16290335,488.57522765
121,0.04124626382901352,-15572.635055822187,101.30102462228638,1267.59357505,985.01081681,993.47043839,616.98010052,535.46148756,487.89348104,2894.91360823,660.35529868,489.32339991
122,0.04124626382901352,-15518.184988392382,1029.1075069430185,1271.5689307,984.53471448,780.54172855,638.16871981,530.686891,115.70148905,2894.91360809,660.35523727,489.32344127
123,0.04124626382901352,-15572.606197863774,115.24021276460613,1267.65264033,985.0037005,989.96764154,617.27397924,535.39496506,479.48296101,2894.91370396,660.35527108,489.32340862
124,0.04124626382901352,-15566.738570050016,384.235016534447,1268.79683128,984.8666275,924.25633047,623.13604623,534.06972805,337.62694507,2894.91355944,660.35529536,489.32345086
125,0.04124626382901352,-15572.399387252231,151.4197185689907,1267.80600976,984.98529474,980.92135368,618.04167623,535.22119137,458.1749117,2894.9136453,660.35532412,489.32343429
126,0.04124626382901352,-15571.4540623051,222.28856424507268,1268.10693068,984.94924347,963.39061509,619.56529968,534.87651861,418.54392887,2894.91356523,660.35534774,489.32339248
127,0.04124626382901352,-15571.900390757988,195.07932964605482,1267.99132954,984.96312763,970.09186441,618.97730912,535.00951429,433.43756432,2894.91360128,660.35536833,489.32342943
128,0.04124626382901352,-15571.824832602866,200.16251691850536,1268.01292067,984.96049237,968.83716723,619.08687309,534.98475729,430.62506489,2894.91361148,660.35526816,489.3234128
129,0.04124626382901352,-15571.816989178133,200.67666237013174,1268.01511453,984.96024236,968.71036342,619.09797741,534.9822194,430.34137147,2894.91363377,660.35530686,489.32338317
130,0.04124626382901352,-15571.817142599828,200.66662853701223,1268.01509606,984.96027383,968.71280343,619.09775887,534.98229726,430.34693251,2894.91356256,660.35533282,489.32340814
131,0.052233450742668434,-15573.044896135261,134.035230239015,1268.00371885,984.96165573,962.82109398,617.8282187,535.26944933,451.06651332,2894.91359142,660.35531503,489.32341723
132,0.052233450742668434,6104227.222311913,13403523.0239015,1227.09036,1008.53358,0.00255304976,585.524466,619.844566,0.000857867736,2851.63085,566.568509,704.62284
133,0.052233450742668434,-15573.044627773212,135.83505560835272,1268.01506509,984.9602248,962.07257986,617.86966241,535.2601614,449.76020707,2894.91372205,660.35529075,489.32338801
134,0.052233450742668434,-14223.501175417276,5643.1756015630235,1292.24465,989.977429,0.000445232289,602.021885,527.766999,3.98864433e-05,2886.87676,673.586424,494.614809
135,0.052233450742668434,-15573.043092620677,139.18753569602052,1268.03630827,984.95768835,960.6790411,617.94707678,535.24262629,447.33079893,2894.91348537,660.35528096,489.32339767
136,0.052233450742668434,-15455.140055956052,1490.2845824461851,1277.58852,983.776004,464.202102,630.42611,532.26799,1.0921775e-05,2894.83307,660.199435,489.44697
137,0.052233450742668434,-15573.031610434431,148.58391143107886,1268.09576441,984.95060457,956.77761585,618.1649272,535.19330516,440.5490779,2894.91367382,660.35530286,489.32347555
138,0.052233450742668434,-15560.566450825747,591.6972275766598,1271.00294194,984.60243886,780.02732761,630.10424003,532.4989066,165.47746277,2894.91353351,660.35535251,489.32341363
139,0.052233450742668434,-15572.930818303852,177.3242119846277,1268.27836993,984.92875961,944.88388517,618.8398377,535.04061435,420.05597197,2894.91356744,660.35530761,489.32344113
140,0.052233450742668434,-15571.120289522793,313.0317398851621,1269.15153729,984.82415263,889.53104015,622.20753133,534.27945352,328.34602439,2894.91357638,660.35528668,489.32342596
141,0.052233450742668434,-15572.485059337308,230.3694065047183,1268.61740796,984.88806981,923.08898871,620.12027594,534.75105,383.21859422,2894.91367311,660.35531927,489.32340564
142,0.052233450742668434,-15572.19241551018,253.00463033027296,1268.76301101,984.87066467,913.85091509,620.68061332,534.62445987,367.8872822,2894.91371606,660.35533636,489.32337871
143,0.052233450742668434,-15572.225995156155,250.62964200309455,1268.74771207,984.8724868,914.81842087,620.62142914,534.63776919,369.48505542,2894.91357359,660.35528656,489.32339138
144,0.052233450742668434,-15572.22314736231,250.8329223849911,1268.74897615,984.87235554,914.73558147,620.62642611,534.63664777,369.34816087,2894.91353682,660.35527864,489.32341555
145,0.052233450742668434,-15572.222971502355,250.84546403111133,1268.74911052,984.87231496,914.73048339,620.62673898,534.63658573,369.33970881,2894.91364367,660.35531944,489.32339964
146,0.06614740641230149,-15573.595770019856,215.1992805387089,1268.76668896,984.8702795,885.35594467,619.19001068,534.96139905,367.09995915,2894.91346584,660.35530229,489.32337197
147,0.06614740641230149,12137531.076828483,21519928.05387089,1402.48611,978.775644,31.4835322,623.437736,548.071384,0.556707662,2864.23587,646.946605,599.510026
148,0.06614740641230149,-15573.595722261469,216.6544061268822,1268.77790522,984.86892112,884.46085781,619.22191474,534.95421904,365.88534352,2894.91343219,660.35533767,489.3234195
149,0.06614740641230149,-3641.0195196260174,25224.24507307911,1244.71639,988.300574,1.4116446,585.408387,539.566637,0.306890463,2918.67921,646.534795,480.602616
150,0.06614740641230149,-15573.5954699306,218.37652703432863,1268.79107909,984.86728607,883.401617,619.25969951,534.9456431,364.44861372,2894.91365597,660.3553431,489.32342519
151,0.06614740641230149,-14198.864061124774,4798.023264750747,1395.50924,1123.19732,0.0551025765,685.82475,588.872122,0.0875410855,3015.82747,750.638135,498.078828
152,0.06614740641230149,-15573.594632026583,221.11309819641062,1268.81213728,984.86479291,881.71887937,619.31988887,534.93202761,362.16714522,2894.91359036,660.35526746,489.32338068
153,0.06614740641230149,-15335.668048999856,1911.4470829778147,1280.43868,985.117009,0.539201004,608.565733,541.871511,0.0644898881,2896.98731,662.391493,487.480559
154,0.06614740641230149,-15573.591056378358,226.94323801377564,1268.85688996,984.8594067,878.13555342,619.44862653,534.90288962,357.31293837,2894.91355544,660.35530668,489.32340259
155,0.06614740641230149,-15539.513758900135,970.8407030514397,1275.22006,984.098007,439.641215,622.793908,534.147443,2.23455537e-09,2894.8992,660.360428,489.329367
156,0.06614740641230149,-15573.564940799231,244.77937973528927,1268.99436108,984.84291897,867.18654433,619.84642384,534.81301483,342.51724549,2894.91356735,660.35533596,489.32344313
157,0.06614740641230149,-15569.327940108968,554.5211293948058,1271.49419639,984.54362246,680.38354777,627.85578961,533.0052498,99.44618896,2894.91355184,660.35533526,489.32343808
158,0.06614740641230149,-15573.321588393683,302.60045703148853,1269.44472702,984.78902653,831.83401786,621.17931875,534.51168535,295.12734208,2894.91364523,660.35527373,489.32338598
159,0.06614740641230149,-15572.505555967127,388.39769296402744,1270.12646725,984.7074123,779.77981489,623.28639248,534.03582265,226.46914529,2894.91350345,660.35532031,489.32335903
160,0.06614740641230149,-15572.834746253244,360.17381253943165,1269.90044228,984.73443065,796.85014602,622.57547523,534.1963569,248.83192646,2894.9136281,660.35532092,489.32342963
161,0.06614740641230149,-15572.778510077065,365.38218547565344,1269.94202809,984.72947142,793.69597043,622.70534159,534.16698827,244.68856307,2894.91353843,660.35528011,489.32343865
162,0.06614740641230149,-15572.77399207183,365.79260605358655,1269.94530911,984.72907969,793.44754729,622.71559197,534.16466641,244.36234621,2894.91354063,660.35530038,489.32343055
163,0.06614740641230149,-15572.774193677782,365.77431642328287,1269.94514187,984.72909377,793.45857454,622.71514301,534.16480179,244.37690157,2894.91360305,660.35530172,489.32342455
164,0.08376776400682916,-15574.19174678465,497.81251827610333,1269.96617613,984.72654351,601.28373849,620.92051423,534.57019947,80.02925625,2894.91355653,660.3552981,489.32341678
165,0.08376776400682916,33587948.51829636,49781251.827610336,1226.87875,1051.83879,0.00418692293,526.541723,631.947765,94.5259565,2979.64636,780.151188,559.708316
166,0.08376776400682916,-15574.1917112812,499.0299052796225,1269.97339763,984.72570719,600.26831152,620.93755189,534.56630591,78.89152094,2894.9136336,660.35531585,489.32339963
167,0.08376776400682916,1225.641568934996,28659.86899351126,1189.82904,1002.58645,1.97236541e-05,584.062376,527.969497,81.1973154,2895.87058,688.8385,497.802751
168,0.08376776400682916,-15574.191637209893,500.40734896951886,1269.98169069,984.72473878,599.11929636,620.9568046,534.56197513,77.60434312,2894.91364548,660.35534193,489.32341606
169,0.08376776400682916,-10527.17150044711,10405.527548434753,1251.85991,979.937072,0.000107573687,578.615321,539.994991,0.000275237103,2897.78649,668.184725,481.742143
170,0.08376776400682916,-15574.191504742259,502.01991979497984,1269.99137813,984.72356532,597.77427727,620.97938331,534.55688092,76.0975988,2894.91353257,660.35532811,489.32344236
171,0.08376776400682916,-13488.040873777347,5453.773734114866,1252.50862,983.121491,0.00133073812,580.43675,565.675195,0.00113466588,2897.26814,671.232106,498.232607
172,0.08376776400682916,-15574.191278596996,503.9699325175043,1270.00307337,984.72216927,596.14788399,621.00670041,534.55075602,74.27572834,2894.9135978,660.35527137,489.32335536
173,0.08376776400682916,-14803.532545955173,2978.871833316185,1206.1422,983.116079,5.2583678,603.191673,553.331024,0.0780747364,2948.89425,678.471111,547.645436
174,0.08376776400682916,-15574.190857756857,506.6074805840574,1270.01885933,984.72026335,593.94825608,621.04372972,534.54238583,71.81202897,2894.9136538,660.35533354,489.32342745
175,0.08376776400682916,-15334.921176609158,1742.7396569501213,1275.00432,980.727999,0.0230782728,598.832361,535.329047,2.09369175e-05,2881.45447,669.021135,485.024525
176,0.08376776400682916,-15574.189903661365,510.8483914693708,1270.04418556,984.71724493,590.41175616,621.10342276,534.52888385,67.85142385,2894.91363726,660.35530917,489.32343742
177,0.08376776400682916,-15507.413647018968,1126.794024209746,1273.98647,984.24527,81.2876673,605.782199,537.967246,6.94616009e-09,2894.87518,660.314765,489.305372
178,0.08376776400682916,-15574.187351755492,518.4114446215813,1270.08961235,984.71176926,584.10574689,621.21018848,534.50474585,60.79116762,2894.91351911,660.35532035,489.32341674
179,0.08376776400682916,-15557.899070181264,822.6027344156637,1271.70528,982.366862,328.931685,609.660612,535.575851,8.81668002e-10,2887.93156,660.967745,489.408159
180,0.08376776400682916,-15574.17887148244,533.6763657812619,1270.18135458,984.70075791,571.38216921,621.42727341,534.45569799,46.55229643,2894.91356319,660.35528427,489.32346295
181,0.08376776400682916,-15571.148834599006,678.1395500984628,1273.07561,987.449572,449.895967,616.112761,535.841645,7.97386087e-06,2895.2735,659.148033,491.090468
182,0.08376776400682916,-15574.137471380673,572.2422239722732,1270.41489311,984.67282769,539.26024746,621.98492651,534.32965768,10.64612604,2894.91357096,660.3552974,489.32344616
183,0.08376776400682916,-15573.479755691518,625.190887035368,1270.7964,984.589385,495.282096,620.112811,534.751647,4.49122163e-06,2894.91441,660.339996,489.343767
184,0.08376776400682916,-15573.31828218853,630.5364803711741,1270.77145,984.629918,490.769903,619.869272,534.804716,3.72972224e-07,2894.90301,660.358507,489.3214
185,0.08376776400682916,-15573.371847722927,628.8252340605134,1270.73063,984.650312,492.175514,619.941158,534.784865,1.30560668e-07,2894.85956,660.345284,489.335793
186,0.08376776400682916,-15573.370003885684,628.8851082149286,1270.76155,984.635409,492.148638,619.944343,534.791693,1.41075653e-08,2894.9112,660.348293,489.330344
187,0.08376776400682916,-15573.36903395486,628.9165524703403,1270.75322,984.614483,492.133866,619.935415,534.795231,8.60735908e-08,2894.89366,660.352407,489.346981
188,0.10608183551394483,-15571.973470499455,0.0021962506880406907,1267.16518457,985.062083,1019.22028226,614.87798905,535.93755726,552.5146079,2894.91358618,660.35528468,489.32345737
189,0.10608183551394483,-15571.082456773858,219.62506880406906,1266.55183592,985.13560726,789.03946663,613.88152115,536.16345186,331.13401183,2894.91372132,660.35525396,489.32342174
190,0.10608183551394483,-15571.155402672579,202.60029547020983,1266.59872787,985.13000321,806.87681393,613.95698829,536.14633606,348.28502969,2894.91361895,660.35524779,489.3233466
191,0.10608183551394483,-15571.15154278661,203.50493567293574,1266.59628814,985.13026373,805.92900826,613.95295026,536.14723229,347.37365688,2894.91366244,660.35534206,489.32340964
192,0.10608183551394483,-15571.151499360876,203.5151109197204,1266.59622735,985.13029424,805.91822574,613.95291837,536.14725729,347.36336712,2894.91361473,660.35528241,489.32340206
193,0.13433993325989002,-15571.972460664463,0.04515279458007582,1267.16419691,985.06226531,1019.16759766,614.87661998,535.93787659,552.47066557,2894.91360865,660.35531918,489.32339305
194,0.13433993325989002,-13254.92696853578,4515.2794580075815,1220.39407,1067.72997,0.144424313,615.513479,541.681081,0.029236542,3036.19121,604.25614,373.999279
195,0.13433993325989002,-15571.936191448018,1.649396446188738,1267.13016704,985.06634464,1017.21508715,614.82813158,535.94885101,550.82891872,2894.91359533,660.35531198,489.32342919
196,0.13433993325989002,-15571.111716202247,36.19178901090862,1266.41058055,985.15248956,975.24552514,613.81002694,536.17962972,515.57442167,2894.91359724,660.35532986,489.32338974
197,0.13433993325989002,-15571.151008476996,34.62034581346493,1266.44274478,985.14868667,977.15190553,613.85529386,536.16939747,517.17445125,2894.91360387,660.35530536,489.3234309
198,0.13433993325989002,-15571.149227844515,34.69170560189495,1266.44134436,985.14883604,977.06529119,613.85325995,536.16984244,517.1018165,2894.91358844,660.3553087,489.32337744
199,0.13433993325989002,-15571.149184557293,34.693440187176044,1266.44126709,985.14888491,977.06320334,613.85322948,536.16984657,517.10002559,2894.91360892,660.35533144,489.32339829
200,0.17012542798525893,-15571.971023576949,0.05276294735477116,1267.16229745,985.06247972,1019.15224534,614.87433858,535.93839714,552.46374018,2894.91347178,660.35530243,489.32341285
201,0.17012542798525893,-12236.443348277237,5276.294735477116,1181.59446,1003.93565,0.00116435243,567.839717,515.888066,0.00486912364,2887.88596,837.955967,570.241801
202,0.17012542798525893,-15571.909990554717,1.359174984952991,1267.09272786,985.07077958,1017.4091892,614.78386812,535.95888673,551.14874781,2894.9137212,660.35532543,489.32344084
203,0.17012542798525893,-15571.10915813517,17.68019678564573,1266.24012736,985.17295015,995.69907562,613.6819236,536.20865635,534.78702986,2894.91359413,660.35527096,489.32336648
204,0.17012542798525893,-15571.14664049898,16.946929833043907,1266.27786602,985.1684162,996.67179499,613.73036485,536.19765548,535.51954087,2894.91352044,660.35530042,489.32345109
205,0.17012542798525893,-15571.145140428578,16.976328246129114,1266.27627379,985.16860886,996.63278163,613.72839345,536.19810296,535.49014135,2894.91359428,660.35533098,489.32342906
206,0.17012542798525893,-15571.145097113913,16.97717706254242,1266.27631049,985.16861149,996.63169691,613.72834898,536.19815015,535.48928653,2894.91361729,660.35527658,489.32340573
207,0.21544346900318834,-15571.972113887177,0.018249776848617894,1267.16333022,985.06230141,1019.19724988,614.87565082,535.93816259,552.49932516,2894.91362468,660.35530628,489.32342835
208,0.21544346900318834,-14794.406331303182,1824.9776848617894,1230.78859,1029.0862,0.000206830875,800.31262,474.393164,0.00158972475,2954.43119,667.912736,569.775192
209,0.21544346900318834,-15571.823254445018,1.9918314001004778,1266.96490857,985.08609425,1016.45236841,614.63097959,535.99356476,550.6034887,2894.91361595,660.35528094,489.32341862
210,0.21544346900318834,-15571.103020857092,11.120837167655589,1266.06699007,985.19368327,1003.80758281,613.52668971,536.24385146,541.87698006,2894.91355098,660.35533351,489.32338174
211,0.21544346900318834,-15571.132189586682,10.76335783043943,1266.10159868,985.18956927,1004.30118672,613.5690964,536.23423604,542.21742388,2894.913614,660.35535521,489.32341052
212,0.21544346900318834,-15571.131225459932,10.77518899674089,1266.10039118,985.18972224,1004.28484458,613.5677107,536.23457422,542.20612603,2894.91358009,660.35530432,489.32337679
213,0.21544346900318834,-15571.13118155417,10.775727756191728,1266.10033274,985.18968542,1004.28409558,613.56762703,536.23458896,542.20559123,2894.91357994,660.35528144,489.32341969
214,0.2728333376486768,-15571.966796018038,0.06260115939034966,1267.15490771,985.06329654,1019.13567109,614.86564711,535.94033125,552.46103946,2894.91361171,660.35530922,489.32344427
215,0.2728333376486768,-10334.595944239823,6260.115939034966,1199.06207,1233.9002,0.000177343238,581.004936,665.710372,0.00980941693,3022.64672,995.732405,840.556151
216,0.2728333376486768,-15571.861139154353,1.0467632649489327,1266.99503996,985.08245278,1017.76964832,614.67222368,535.98418259,551.583627,2894.91352974,660.35531368,489.32338275
217,0.2728333376486768,-15571.11507924541,7.725035178773633,1265.93261295,985.20982088,1008.54387786,613.38906901,536.27509543,545.66044331,2894.913601,660.35530014,489.32341113
218,0.2728333376486768,-15571.14432607794,7.471409190375675,1265.97221753,985.2050423,1008.89295128,613.4368265,536.26423334,545.88445344,2894.91352013,660.35532679,489.32344439
219,0.2728333376486768,-15571.143414026334,7.479327758759341,1265.97104135,985.20518406,1008.88204115,613.43533606,536.26457867,545.87743654,2894.91362069,660.35530201,489.3233926
220,0.2728333376486768,-15571.143370951597,7.47970172514828,1265.97094189,985.20521017,1008.88157207,613.43529767,536.26460454,545.87711338,2894.91361282,660.35531404,489.32344243
221,0.34551072945922184,-15571.874662956283,0.6952335881507024,1267.00071876,985.08173101,1018.29646893,614.67882733,535.98266402,551.95721531,2894.91349551,660.35527422,489.32343158
222,0.34551072945922184,65201.45795068973,69523.35881507024,1102.29265,949.721615,9.10289289e-06,483.560215,574.444401,4.4141337e-05,2860.19954,619.229974,475.544775
223,0.34551072945922184,-15571.771196127474,1.4168757255090785,1266.83094354,985.10215552,1017.3363744,614.47316155,536.02928825,551.37700264,2894.9135834,660.35532277,489.32336929
224,0.34551072945922184,-15571.010418774771,6.542544141596482,1265.64860298,985.24386001,1010.55150606,613.04127114,536.35389161,547.27615558,2894.91342862,660.35526687,489.32340514
225,0.34551072945922184,-15571.036972552103,6.368580170768652,1265.68807153,985.23910441,1010.7807386,613.0890356,536.34307532,547.41479832,2894.91345916,660.35533506,489.32344606
226,0.34551072945922184,-15571.036240060814,6.373383476887886,1265.68695344,985.23923011,1010.77437964,613.08768044,536.34339351,547.41090478,2894.91351098,660.3553425,489.32339879
227,0.34551072945922184,-15571.03619146325,6.3737021460627306,1265.68687819,985.23923007,1010.77403917,613.08764124,536.34339924,547.41067201,2894.91347425,660.3552966,489.32341633
228,0.43754793750741844,-15571.645835607313,1.822830958927102,1266.58635976,985.13139502,1016.97462441,614.16733558,536.09857636,551.22727203,2894.91304194,660.35532622,489.32342319
229,0.43754793750741844,214823.80747249597,182283.0958927102,1002.1682,1013.00983,0.0029377743,256.592179,623.553453,0.00232753952,2889.60058,661.23187,489.248389
230,0.43754793750741844,-15559.815722271409,52.55233447277235,1253.13444973,986.74464007,957.45672557,597.5196963,539.88548055,516.91591241,2894.89883797,660.35635264,489.32416285
231,0.43754793750741844,-15470.434028530992,276.5038811652745,1221.27494164,990.58178591,732.3391896,556.6809135,549.30021842,386.05541202,2894.83739962,660.36084694,489.32710952
232,0.43754793750741844,-15512.78756318632,183.5675991363497,1231.39614884,989.36033658,820.73552887,569.89558551,546.23368523,437.52144601,2894.86266188,660.35902168,489.32590465
233,0.43754793750741844,-15507.851108568177,195.11305782010152,1229.97481345,989.53177255,809.45159706,568.0533807,546.65998714,430.95453157,2894.85955701,660.35925064,489.32605921
234,0.43754793750741844,-15507.525457366435,195.86641049721374,1229.88398505,989.54270749,808.71862911,567.93551545,546.68724898,430.52787906,2894.85925884,660.35925765,489.32602105
235,0.43754793750741844,-15507.529693456177,195.85661717668788,1229.8851182,989.54259414,808.7281473,567.93703639,546.68694423,430.5334528,2894.85946128,660.3592696,489.32601408
236,0.5541020330009492,-15571.959356807023,0.06651810630874633,1267.13804997,985.06537754,1019.14871185,614.84407327,535.94521962,552.47637755,2894.91339411,660.3553267,489.32341387
237,0.5541020330009492,-8652.691703350007,6651.810630874633,1045.96201,896.292291,0.525532241,285.286475,607.970614,1.40125876e-06,3023.12499,567.608679,509.962207
238,0.5541020330009492,-15571.787620136343,0.8708225987267667,1266.81119309,985.10440908,1018.25595172,614.43581776,536.03763979,551.98729678,2894.9115666,660.35548686,489.32350129
239,0.5541020330009492,-15571.106168360257,3.9834046286582003,1265.56636143,985.25296866,1014.81772193,612.87857688,536.39020206,550.1020762,2894.90419473,660.35592423,489.32387658
240,0.5541020330009492,-15571.123017656175,3.907875258616759,1265.59621489,985.24940746,1014.90082077,612.91589531,536.38174131,550.14764229,2894.9044913,660.35590329,489.32381163
241,0.5541020330009492,-15571.122704490517,3.9092796998650226,1265.59566228,985.24946265,1014.89935215,612.9151974,536.38188731,550.14681436,2894.90439644,660.35593046,489.32386661
242,0.5541020330009492,-15571.122660905068,3.909475163851016,1265.59557589,985.24942981,1014.89912325,612.91515743,536.38193261,550.14669798,2894.90449007,660.35598213,489.32384944
243,0.7017038286703826,-15571.959950368122,0.056197440013936895,1267.13723482,985.06537174,1019.16791777,614.84252221,535.94555461,552.48815822,2894.91280578,660.35531168,489.3234162
244,0.7017038286703826,-9505.597650033109,5619.744001393689,1087.61241,1345.41641,0.0135811647,411.932885,769.739586,0.0077005613,3023.91909,803.848994,742.171643
245,0.7017038286703826,-15571.775011893293,0.8204410998545634,1266.75860302,985.10993467,1018.42514693,614.36130295,536.05384798,552.0981532,2894.90350377,660.35597087,489.32393501
246,0.7017038286703826,-15571.121596000494,3.4641537066059573,1265.46608148,985.26200573,1015.86661084,612.71588138,536.4244764,550.75331384,2894.87138959,660.358358,489.32553922
247,0.7017038286703826,-15571.135171999393,3.410076374163958,1265.49225063,985.25884724,1015.91874307,612.74928335,536.41694006,550.78071824,2894.87204012,660.35834407,489.32549081
248,0.7017038286703826,-15571.134961736288,3.410914180875484,1265.49184695,985.25892503,1015.91799379,612.74877047,536.41706659,550.78030317,2894.87195726,660.3583274,489.32546824
249,0.7017038286703826,-15571.13491893443,3.4110847265855275,1265.4917956,985.25895091,1015.91774825,612.74862445,536.41704357,550.78021401,2894.87209034,660.35828751,489.32544426
250,0.8886238162743403,-15571.946061978753,0.10718539490622614,1267.10266055,985.06906729,1019.13337963,614.79751172,535.95541713,552.47196632,2894.90885802,660.35558254,489.32367986
251,0.8886238162743403,-2159.903611792659,10718.539490622614,1260.00952,1040.21737,0.312482244,225.458359,679.307641,0.157991742,3067.9008,1073.69728,711.90457
252,0.8886238162743403,-15571.773940302679,0.7768382858478088,1266.71361876,985.11290507,1018.57643414,614.29603432,536.06647548,552.19137369,2894.87943397,660.35783027,489.32510328
253,0.8886238162743403,-15571.09491311009,3.366634367246673,1265.2267735,985.28001097,1016.43116876,612.37546643,536.49194939,551.10919056,2894.76722941,660.3659402,489.33058208
254,0.8886238162743403,-15571.108321870488,3.3162595067209777,1265.25531458,985.27674907,1016.47283549,612.41254352,536.48375352,551.13014988,2894.76943348,660.36578705,489.33047739
255,0.8886238162743403,-15571.108121119589,3.3170139193440344,1265.25490113,985.27682176,1016.47222082,612.41202374,536.48392321,551.12982093,2894.76948384,660.36583478,489.33045005
256,0.8886238162743403,-15571.108076986107,3.3171797700410015,1265.25486298,985.27682924,1016.47204797,612.41188902,536.48392168,551.12981602,2894.76950111,660.36577099,489.33044704
257,1.1253355826007645,-15571.931834610263,0.16738387554430045,1267.05486322,985.07318137,1019.10576836,614.73452872,535.96815372,552.46046309,2894.89386724,660.35676468,489.32437621
258,1.1253355826007645,7174.844745911054,16738.387554430046,935.21743,838.168718,0.295644195,218.662906,466.606456,0.0959849397,2871.62638,861.322928,576.452732
259,1.1253355826007645,-15571.78017411092,0.7736177922556176,1266.65663546,985.11344399,1018.6829847,614.21599754,536.07877478,552.25629881,2894.82305012,660.36189684,489.32786648
260,1.1253355826007645,-15571.092574319591,3.460156061878868,1264.91066333,985.28916681,1016.81605858,611.93716028,536.56503566,551.35343305,2894.52082771,660.38383426,489.34260431
261,1.1253355826007645,-15571.10825364184,3.399965919203923,1264.949458,985.28525187,1016.85783492,611.98788724,536.55417038,551.37357768,2894.52732573,660.3833389,489.34231751
262,1.1253355826007645,-15571.107979652636,3.4010181256950016,1264.94876478,985.28527496,1016.85705289,611.98698956,536.55434438,551.37326618,2894.52732304,660.38336509,489.34226552
263,1.1253355826007645,-15571.107935371889,3.4011881766022865,1264.94867998,985.28533653,1016.85697571,611.98685637,536.5544002,551.37315244,2894.52722965,660.38339487,489.34231546
264,1.4251026703029979,-15571.832544460896,0.6540029297195413,1266.69497912,985.1001111,1018.84653308,614.26300596,536.06002849,552.34338352,2894.75339419,660.3669909,489.33125337
265,1.4251026703029979,84408.6258512027,65400.292971954135,928.797612,7.19439181,31.8754726,0.222790651,428.276506,33.2860163,2751.79546,1764.94088,838.984366
266,1.4251026703029979,-15560.321788775203,39.869013232690556,1241.36089395,987.03905061,997.0805501,580.17295909,542.81547877,542.11735479,2889.37792105,660.75763537,489.59412978
267,1.4251026703029979,-15474.60562909827,204.47829683989727,1171.80855811,990.79813722,916.58209447,478.1502931,562.32760517,502.19017198,2883.73591972,661.16803884,489.87018097
268,1.4251026703029979,-15517.448623916616,132.89249511904083,1196.89908387,989.77864983,949.9638421,516.18136788,555.23069602,519.04539352,2885.18370365,661.06265382,489.799353
269,1.4251026703029979,-15512.290115750751,142.19345795551678,1193.28752325,989.95306369,945.50974847,510.78004532,556.25496054,516.81597109,2884.95067115,661.07960925,489.81072991
270,1.4251026703029979,-15511.881322486668,142.92046306755896,1193.01016658,989.9661212,945.16330778,510.36423525,556.33362749,516.64219493,2884.93322642,661.08085634,489.81160224
271,1.4251026703029979,-15511.8853445591,142.91331704440458,1193.01290924,989.96596126,945.1667419,510.36832365,556.3328267,516.64393597,2884.93334919,661.0808979,489.8116115
272,1.8047217668271702,-15571.969513382308,0.025715332760105902,1267.14549627,985.06313316,1019.21052823,614.85232398,535.94214903,552.51159462,2894.90240459,660.35612671,489.32398291
273,1.8047217668271702,-12893.7286387022,2571.5332760105903,924.97223025,905.04612262,276.7454618,115.09586504,533.78004007,167.50383175,2872.58063445,661.97996397,490.41647804
274,1.8047217668271702,-15571.844773472658,0.8165247965678815,1266.54171957,985.09495291,1018.84161007,614.0648203,536.08289516,552.3495891,2894.57061543,660.38025731,489.34018568
275,1.8047217668271702,-15571.056559610168,5.239650025233101,1263.2076118,985.26751221,1016.78612608,609.69712206,536.86248021,551.4450018,2892.9906389,660.49505142,489.41745505
276,1.8047217668271702,-15571.1529852198,4.738418797284233,1263.58178659,985.24842319,1017.01836578,610.18891486,536.77480782,551.54739266,2893.1498816,660.48349207,489.40963653
277,1.8047217668271702,-15571.145938553465,4.7753500275323955,1263.55421651,985.24977889,1017.00116556,610.15267956,536.78122128,551.53981871,2893.13791509,660.48434397,489.41017781
278,1.8047217668271702,-15571.14588048154,4.77565417721032,1263.55398683,985.2498609,1017.00111295,610.15235232,536.78132153,551.5397719,2893.13786613,660.4843396,489.41021388
279,2.2854638641349907,-15571.973186031202,0.0036698109885464625,1267.16221888,985.06219842,1019.22122039,614.87417947,535.93813096,552.51629057,2894.91123996,660.35547037,489.32351641
280,2.2854638641349907,-15371.143832331889,366.98109885464623,1096.2940044,976.79708914,901.28598746,363.10413112,567.07388708,498.00078762,2875.74718338,661.7493383,490.2613686
281,2.2854638641349907,-15571.836937857755,1.506412667133396,1265.9697428,985.0859812,1018.6604215,613.34156511,536.17421528,552.28336096,2894.00410608,660.42139788,489.36784439
282,2.2854638641349907,-15570.78636016537,8.920550933457015,1260.19281829,985.19082381,1015.9085304,605.86241494,537.32189173,551.13539276,2890.79632554,660.65456994,489.52476276
283,2.2854638641349907,-15571.211624266409,6.348582678037769,1262.17703686,985.15681086,1016.86031702,608.44156167,536.92696845,551.53333762,2891.72975386,660.58669288,489.47909495
284,2.2854638641349907,-15571.154325167347,6.7164068585617365,1261.89202024,985.16178747,1016.7239992,608.07167969,536.98365916,551.47648839,2891.58688587,660.59708459,489.48606395
285,2.2854638641349907,-15571.150802254448,6.738767944277597,1261.87470512,985.16207833,1016.71572761,608.04920573,536.98711141,551.47292419,2891.57837036,660.59769768,489.4865464
286,2.2854638641349907,-15571.150855371303,6.738431005879383,1261.87495694,985.16212397,1016.71584656,608.04953833,536.98707705,551.47300817,2891.57848585,660.5976891,489.48649309
287,2.8942661247167516,-15571.973478683833,3.492273846579085e-05,1267.16513555,985.06207875,1019.22253108,614.87792266,535.93762064,552.5169046,2894.91364201,660.35528944,489.32340191
288,2.8942661247167516,-15571.833857998914,3.492273846579085,1264.32508435,985.02941224,1018.19552665,611.34082392,536.38946125,552.11525334,2892.40095465,660.53792236,489.44627269
289,2.8942661247167516,-15571.973478683833,3.492273846579085e-05,1267.16513555,985.06207875,1019.22253108,614.87792266,535.93762064,552.5169046,2894.91364201,660.35528944,489.32340191
290,2.8942661247167516,-15571.501401154212,6.98454769315817,1261.51733125,984.99290578,1017.17164948,607.82564032,536.83687355,551.71372497,2890.56349871,660.67150722,489.5360939
291,2.8942661247167516,-15571.973478683833,3.492273846579085e-05,1267.16513555,985.06207875,1019.22253108,614.87792266,535.93762064,552.5169046,2894.91364201,660.35528944,489.32340191
292,2.8942661247167516,-15570.439941755281,13.96909538631634,1255.99670707,984.90868536,1015.13368646,600.86101424,537.71797157,550.91065174,2887.97877545,660.85935757,489.66265679
293,2.8942661247167516,-15571.44087988286,7.487734725975876,1261.11546238,984.98732072,1017.02451469,607.32099007,536.90097052,551.65582781,2890.33666835,660.68798983,489.54725453
294,2.8942661247167516,-15571.191474411147,9.361734975237049,1259.624347,984.9658832,1016.47671074,605.44542584,537.13882652,551.44038466,2889.55694064,660.74467769,489.58542064
295,2.8942661247167516,-15571.150840704306,9.64390158713529,1259.40066368,984.96253191,1016.39420979,605.16361729,537.17448712,551.40793274,2889.44743678,660.75259794,489.59072327
296,2.8942661247167516,-15571.151477648782,9.63951931045254,1259.40407516,984.96260731,1016.39548728,605.16795981,537.17393697,551.40843129,2889.44926063,660.75248301,489.590665
297,2.8942661247167516,-15571.151407604722,9.640001286419063,1259.40375414,984.96263403,1016.395332,605.16744547,537.17400239,551.4083928,2889.44902735,660.7524742,489.5906389
298,3.665241237079626,-15572.036035543897,2.2651433150619273,1265.2798969,984.99564126,1018.70502511,612.65531986,536.16644958,552.32747634,2892.83788893,660.50612819,489.42492747
299,3.665241237079626,368454.1690303222,226514.33150619274,0.00117426429,0.0452118761,1325.91567,0.0236630508,389.736576,0.0654977038,4339.25582,680.15104,1195.52348
300,3.665241237079626,-15572.033604369453,2.749853584480866,1264.87786571,984.9812252,1018.59428113,612.18054795,536.21523852,552.28698112,2892.45646175,660.53389758,489.44351678
301,3.665241237079626,-15514.341493972313,165.986628696659,1151.8858562,977.55825867,983.0249178,467.78159118,549.36736467,538.50835416,2872.08284222,662.01621917,490.44087065
302,3.665241237079626,-15571.95867654404,5.068137259129554,1262.96163517,984.91169016,1018.06550205,609.91361532,536.44789615,552.0930849,2890.85680344,660.6501232,489.52179648
303,3.665241237079626,-15568.793095356697,25.216606863850867,1246.75893944,984.25438954,1013.5018133,590.48386457,538.412864,550.40574818,2883.69244896,661.17116125,489.87233832
304,3.665241237079626,-15571.549154528562,9.80622390931032,1259.07933057,984.76549153,1016.98718953,605.30066121,536.91908677,551.69672699,2888.38645132,660.82969292,489.64260529
305,3.665241237079626,-15571.141307253489,12.902386010708963,1256.56674201,984.66715013,1016.28419671,602.30088963,537.22396641,551.43753039,2887.14287062,660.92015085,489.70345639
306,3.665241237079626,-15571.221046688079,12.348545956571073,1257.01480293,984.68491461,1016.40985153,602.8366819,537.16960016,551.48394568,2887.34929461,660.90517231,489.69335951
307,3.665241237079626,-15571.214371374495,12.395664378538264,1256.97673607,984.68336827,1016.39918176,602.79104385,537.17423192,551.47999943,2887.33151358,660.90639085,489.69427098
308,3.665241237079626,-15571.21426278221,12.396429699827479,1256.97608405,984.68338544,1016.3990038,602.79030591,537.17428554,551.47988274,2887.33117559,660.90651267,489.69424442
309,4.6415888336127775,-15572.161194197475,3.989542369904404,1263.80158368,984.89504253,1018.52738272,611.19121014,536.23626155,552.27924796,2891.10856608,660.63180107,489.50952087
310,4.6415888336127775,664253.9325120081,398954.2369904404,0.128761013,0.0154868842,762.997034,0.151508077,9.48922212,857.988275,2953.88509,1316.95067,1094.91403
311,4.6415888336127775,-15572.158865245989,4.471791705691246,1263.39657565,984.87469211,1018.4434149,610.74635652,536.272215,552.25049181,2890.74282693,660.65839845,489.52731794
312,4.6415888336127775,-15515.489701219762,174.0791487747632,1139.15574501,975.64758677,989.87800426,464.94267595,546.65391241,541.97686234,2866.36961892,662.4324277,490.72086442
313,4.6415888336127775,-15572.082705848079,6.92433139453421,1261.3423492,984.77042634,1018.01665267,608.48679514,536.45445125,552.10428576,2889.09182712,660.77850103,489.60817932
314,4.6415888336127775,-15568.911694519793,27.861896238214854,1244.160176,983.83963893,1014.39119704,589.37955231,537.97177499,550.85328581,2881.35858077,661.34088711,489.98658016
315,4.6415888336127775,-15571.674455621625,11.83207969540285,1257.25837018,984.55872798,1017.16400804,603.9786129,536.81623478,551.81152243,2886.52901065,660.96482031,489.73350038
316,4.6415888336127775,-15571.266343536288,15.050900627214915,1254.59884228,984.4177055,1016.6057796,601.03163171,537.0515289,551.61934717,2885.19785495,661.06166077,489.79862624
317,4.6415888336127775,-15571.346250367116,14.474512794023454,1255.07395692,984.44312438,1016.70570511,601.55881313,537.00953498,551.65375936,2885.42100074,661.04538972,489.78771608
318,4.6415888336127775,-15571.339533217892,14.523757750910328,1255.03333433,984.44096052,1016.6971835,601.51375959,537.01307687,551.6508409,2885.40168433,661.04681051,489.7886605
319,4.6415888336127775,-15571.339423347452,14.524561973925733,1255.03274098,984.44090679,1016.69706972,601.513034,537.01316356,551.6507574,2885.40137395,661.04679584,489.78870885
320,5.878016072274912,-15572.282692844887,5.331228027137823,1262.65685261,984.81578404,1018.52777649,610.34975949,536.22228162,552.29489597,2889.65070722,660.73776262,489.58075538
321,5.878016072274912,878163.1159562238,533122.8027137823,0.00143591038,91.509307,0.0306420169,328.262183,0.00125797439,544.051876,2322.41913,2294.59361,1237.04595
322,5.878016072274912,-15572.280589117454,5.821416280130448,1262.24381657,984.79299122,1018.4638703,609.93408358,536.24828039,552.27449358,2889.27834061,660.76488808,489.59902371
323,5.878016072274912,-15511.1844670928,196.74236933138047,1117.39451487,974.12059089,994.1754609,455.89752468,544.71876067,544.15840694,2857.15369244,663.10444939,491.17284433
324,5.878016072274912,-15572.207443813188,8.38280605399682,1260.08924128,984.67333884,1018.13037752,607.76341712,536.38409385,552.16776377,2887.52602356,660.89229779,489.68476425
325,5.878016072274912,-15568.869465115898,31.338375663675194,1241.06826002,983.56829397,1015.15124695,588.43610375,537.57426665,551.20852759,2878.40484835,661.55588138,490.13119036
326,5.878016072274912,-15571.809562260007,13.5166782086607,1255.7904967,984.43129634,1017.4627054,603.42123007,536.65441299,551.95370244,2884.71651903,661.0965919,489.82222001
327,5.878016072274912,-15571.379607252384,17.108512088355933,1252.79852886,984.26016077,1016.99598638,600.39003789,536.84211546,551.80375437,2883.12056816,661.21269683,489.90030168
328,5.878016072274912,-15571.468930730409,16.42918240013086,1253.36339136,984.29264336,1017.0842402,600.96290888,536.80669277,551.83208716,2883.40467902,661.19207556,489.88638757
329,5.878016072274912,-15571.461068945682,16.490065307667,1253.31277568,984.2897147,1017.07633265,600.91155258,536.80988815,551.82952217,2883.37889994,661.19393438,489.88770749
330,5.878016072274912,-15571.460925370953,16.49117511768586,1253.31188924,984.28967544,1017.07617556,600.91064821,536.80996416,551.82953503,2883.37838834,661.19389976,489.88768728
331,7.443803013251689,-15572.38771371519,6.6127732086826105,1261.65051836,984.77013074,1018.59130657,609.83324065,536.18183474,552.32786093,2888.18985297,660.84405926,489.65221034
332,7.443803013251689,1056153.7048750932,661277.320868261,3.40957074,7.4074253,49.6661631,191.25183013,3.52537336,611.83835145,1918.75364659,1644.71491145,914.09378146
333,7.443803013251689,-15572.385834878121,7.119819378564134,1261.22884879,984.74762014,1018.54294194,609.44681183,536.20047993,552.31340291,2887.79513653,660.87272072,489.6715553
334,7.443803013251689,-15505.003629453206,228.31264886579746,1091.22512042,973.39066256,997.76283336,446.63306855,543.11079646,545.84843674,2843.27808986,664.1173538,491.85418485
335,7.443803013251689,-15572.317358894872,9.81125362987796,1258.99316491,984.62776361,1018.28615753,607.39675688,536.29921905,552.23640185,2885.8783355,661.01206218,489.76535581
336,7.443803013251689,-15568.734604549893,35.82885860258732,1237.6151635,983.44321116,1015.80901137,587.66648278,537.23556863,551.49005995,2874.4685699,661.84246796,490.32398724
337,7.443803013251689,-15571.93411767609,15.267979720788048,1254.47457582,984.38328589,1017.76582913,603.24563031,536.49830883,552.08024072,2882.66761341,661.24567193,489.92243745
338,7.443803013251689,-15571.471689097889,19.44519033065881,1251.02814202,984.19463914,1017.36792089,600.07252853,536.6498375,551.96050951,2880.62201445,661.3944629,490.0226578
339,7.443803013251689,-15571.575913935816,18.59379915127072,1251.72970336,984.23315584,1017.44901743,600.71895697,536.61899293,551.98492748,2881.01657656,661.36582964,490.00332874
340,7.443803013251689,-15571.56614812706,18.675270762345185,1251.66260082,984.22950376,1017.44120843,600.65714339,536.62193747,551.98255419,2880.97824493,661.36856297,490.00518896
341,7.443803013251689,-15571.565940401346,18.67699969498731,1251.66113816,984.2293788,1017.44109215,600.65580972,536.62201045,551.98248248,2880.97750425,661.36863866,490.005201
342,9.426684551178854,-15572.483668308792,8.084258467196614,1260.66470642,984.75267463,1018.66934077,609.45394309,536.13928544,552.36081565,2886.48557883,660.96797998,489.73564026
343,9.426684551178854,1231988.914288836,808425.8467196614,5.12901877,10.9849464,5.58964464,582.419532,0.107522099,382.051212,1558.9738,1374.74634,513.542454
344,9.426684551178854,-15572.481996017106,8.616766924846896,1260.23738485,984.73220533,1018.63288377,609.09692047,536.1524788,552.35052436,2886.05578542,660.99925197,489.75663056
345,9.426684551178854,-15497.329953758664,269.6778418627024,1062.49018029,973.41455305,1000.93188171,438.155413,541.76885352,547.19827347,2823.39959336,665.57137096,492.83177404
346,9.426684551178854,-15572.419495441683,11.465614716269936,1257.95306152,984.62240004,1018.43794952,607.18752728,536.22312052,552.29551673,2883.919127,661.15460283,489.86123079
347,9.426684551178854,-15568.504369045037,41.924500388105784,1233.71821433,983.42804542,1016.35621404,586.83304961,536.96584138,551.70541316,2869.03409411,662.23827839,490.59029356
348,9.426684551178854,-15572.055253553848,17.359600034625693,1253.23667797,984.39425928,1018.03478167,603.24024055,536.36865404,552.18156885,2880.1485123,661.42895696,490.04579231
349,9.426684551178854,-15571.54871322335,22.414857163393165,1249.20174237,984.19743687,1017.68908989,599.8579141,536.49281764,552.08371486,2877.39390006,661.62947608,490.18068366
350,9.426684551178854,-15571.67498257591,21.285317037776245,1250.10253929,984.24152654,1017.76640498,600.6134691,536.46509224,552.10556976,2877.97951887,661.58686236,490.15198642
351,9.426684551178854,-15571.662222045677,21.40240117806,1250.00918597,984.23693815,1017.75827376,600.53513487,536.46795479,552.10331213,2877.91808933,661.59131428,490.15500379
352,9.426684551178854,-15571.66189390057,21.405402776792606,1250.00670499,984.2368327,1017.7581346,600.53308928,536.46808642,552.10327633,2877.91643563,661.59146659,490.1551019
353,9.426684551178854,-15571.662010911987,21.404332506652768,1250.0075578,984.23687125,1017.75824873,600.53378239,536.46803175,552.10331657,2877.91697091,661.59138698,490.15507223
354,11.937766417144358,-15572.580512186521,9.95798877845881,1259.63835747,984.75451417,1018.7439408,609.11059028,536.10225748,552.38885093,2884.31492067,661.12587322,489.84188167
355,11.937766417144358,1427438.2354579445,995798.877845881,0.00595572319,0.00211371623,1378.96614,0.0100252388,0.00186779732,393.91206,942.560039,2238.48099,1437.53113
356,11.937766417144358,-15572.578982673997,10.525076009873658,1259.21037514,984.73690412,1018.71664795,608.78227459,536.11160824,552.3816326,2883.83902506,661.1604166,489.86513896
357,11.937766417144358,-15490.954372085765,314.54868178912074,1038.76014418,974.33577959,1004.16399978,435.46583684,540.55099763,548.39380209,2797.39363443,667.47807721,494.11363916
358,11.937766417144358,-15572.522476056074,13.580203035969621,1256.90560536,984.64208836,1018.56986304,607.01401374,536.16190742,552.34225575,2881.42076126,661.33636566,489.98354241
359,11.937766417144358,-15568.236831174258,49.89112825025572,1229.66037551,983.49851385,1016.82552751,586.03897473,536.75073061,551.8739878,2861.67112632,662.77498251,490.95128029
360,11.937766417144358,-15572.178828839687,20.051110812171046,1252.03036526,984.44047628,1018.25888575,603.2706167,536.26797261,552.25898674,2876.92374834,661.66367624,490.20373129
361,11.937766417144358,-15571.622353277238,26.30388858630914,1247.32782413,984.24479139,1017.95841054,599.65567127,536.369994,552.17842433,2873.14352042,661.93900025,490.38889343
362,11.937766417144358,-15571.776013451692,24.771409317924626,1248.47957627,984.29282794,1018.0321651,600.54142525,536.34507737,552.1981807,2874.02928015,661.8744766,490.34549574
363,11.937766417144358,-15571.759262457774,24.9436941400659,1248.35010634,984.28746131,1018.02380525,600.44181255,536.34788967,552.19592633,2873.92849555,661.8817903,490.35043893
364,11.937766417144358,-15571.758738522227,24.949060544457428,1248.34604996,984.28726609,1018.02353202,600.43869179,536.34802382,552.19582619,2873.92532896,661.8820195,490.35059047
365,11.937766417144358,-15571.758860325855,24.947813091429204,1248.34697781,984.28725891,1018.0234898,600.43938803,536.34799087,552.19588738,2873.92596404,661.88198441,490.35062418
366,15.117750706156615,-15572.683664316846,12.38490072996878,1258.58894639,984.76994527,1018.81250998,608.78485333,536.07146152,552.41209155,2881.50267899,661.33036853,489.97949953
367,15.117750706156615,1649325.514212749,1238490.072996878,0.0768736839,8.15293555,1.09468754,781.662943,0.0334268618,27.7222816,19.2404248,2586.85257,1175.93546
368,15.117750706156615,-15572.682319414123,12.996205008947296,1258.16597581,984.75543652,1018.79219801,608.4842622,536.07806966,552.40698851,2880.96913316,661.36914564,490.00560742
369,15.117750706156615,-15478.428720875945,385.8009317099084,1007.46019019,975.15830501,1006.45410724,427.00019713,539.69775433,549.19567793,2759.73108583,670.24659838,495.97580185
370,15.117750706156615,-15572.633715253498,16.241312353259456,1255.92183907,984.67858045,1018.68473881,606.88848598,536.11296716,552.3795178,2878.2622985,661.56607542,490.13815257
371,15.117750706156615,-15567.732657318687,61.46717835949663,1224.76365464,983.59421226,1017.18700577,584.67743853,536.59360968,551.99580865,2851.25993798,663.53409105,491.46216936
372,15.117750706156615,-15572.319397255887,23.363619366060277,1251.00035131,984.50938552,1018.44880215,603.38698185,536.18940746,552.3192214,2872.90932818,661.95579448,490.40035551
373,15.117750706156615,-15571.685446211883,31.513362000791105,1245.37559496,984.31509168,1018.17897484,599.38205991,536.27658507,552.25016499,2867.49392514,662.3502826,490.665737
374,15.117750706156615,-15571.886947806783,29.245199314776272,1246.94033103,984.36924274,1018.254078,600.49655592,536.25234279,552.26934723,2868.93979938,662.2449346,490.59487829
375,15.117750706156615,-15571.862864679311,29.527350576950077,1246.74564612,984.36253384,1018.24470332,600.35790184,536.25534916,552.26696821,2868.7576532,662.25816912,490.60376963
376,15.117750706156615,-15571.86188138189,29.53880009381464,1246.7377601,984.36221157,1018.24437806,600.35231671,536.25544708,552.26684726,2868.75031873,662.25874093,490.60420336
377,15.117750706156615,-15571.862008249456,29.53732315380895,1246.73875859,984.36223382,1018.24445486,600.35300238,536.25548988,552.26688993,2868.75126478,662.25863737,490.60413801
378,19.144819761699576,-15572.792918130577,15.527809930210191,1257.55000453,984.79399099,1018.87437184,608.4768105,536.04610092,552.43131699,2877.86466704,661.59395724,490.15764362
379,19.144819761699576,1904859.5888660473,1552780.993021019,0.0250283864,0.00376042983,0.0513666617,965.746628,577.270531,905.03214,7.08524128,1018.64899,791.855056
380,19.144819761699576,-15572.791722573538,16.192252969462277,1257.13875914,984.78249541,1018.85938964,608.20301696,536.05074299,552.42770296,2877.26309923,661.63763589,490.18709017
381,19.144819761699576,-15464.975846865664,472.1016467461787,980.42853636,976.30960944,1008.61616646,421.54907127,538.96276626,549.87607235,2708.73057089,673.98097002,498.50817801
382,19.144819761699576,-15572.750297364111,19.662132875140006,1254.99210994,984.7223786,1018.78151474,606.77301891,536.07487457,552.40857284,2874.22861973,661.85830699,490.33570429
383,19.144819761699576,-15567.111519068096,76.69836023008742,1219.79769616,983.72413498,1017.50173058,583.28780536,536.4677589,552.09357339,2837.25380567,664.55137741,492.15014455
384,19.144819761699576,-15572.466434111051,27.54323734940182,1250.11867809,984.58560088,1018.60474253,603.52556278,536.12968357,552.36515196,2867.8841627,662.31975715,490.64661951
385,19.144819761699576,-15571.743213485754,38.288343309415396,1243.47956797,984.39845488,1018.36364677,599.09924753,536.20409846,552.30580921,2860.13001485,662.88420863,491.0268417
386,19.144819761699576,-15572.00715441731,34.901867580527274,1245.57131421,984.45751526,1018.43964459,600.4941158,536.18066816,552.32453102,2862.4825078,662.71290483,490.91140845
387,19.144819761699576,-15571.972966444795,35.36385903694128,1245.28584133,984.44947961,1018.42921647,600.30380865,536.18385389,552.32196463,2862.15714525,662.73660813,490.92740768
388,19.144819761699576,-15571.971145744097,35.38824153919535,1245.27086881,984.44904703,1018.42869229,600.29378835,536.18405097,552.32181979,2862.13998941,662.73783189,490.92821813
389,19.144819761699576,-15571.971277925377,35.386472127117386,1245.27195164,984.44906187,1018.42877411,600.29452317,536.18400492,552.32179406,2862.14116086,662.7377604,490.9282063
390,24.244620170823282,-15572.904551674957,19.50186160654015,1256.59846122,984.82377436,1018.93070899,608.21789794,536.02501093,552.44750334,2873.26482136,661.91955601,490.38255542
391,24.244620170823282,2190212.279801486,1950186.160654015,0.440456182,0.0060997608,82.0378436,0.0306300793,222.951808,63.2209063,0.0734424059,1913.33146,1328.87458
392,24.244620170823282,-15572.90358216955,20.228404869168426,1256.20495488,984.81490363,1018.9197829,607.96981577,536.0281934,552.44490084,2872.5844646,661.9686627,490.41586386
393,24.244620170823282,-15433.544946370987,635.1426892276876,927.87944061,976.78159107,1009.68594939,398.98823075,538.56747112,550.22481081,2623.59472987,680.00950955,502.75265021
394,24.244620170823282,-15572.870660545279,23.85017592325627,1254.24381745,984.77053154,1018.86554824,606.73322972,536.04440732,552.43203747,2869.27962918,662.20744037,490.57770768
395,24.244620170823282,-15565.909149562902,99.76294795027857,1213.21282191,983.83207512,1017.7286275,580.82870922,536.38031292,552.16134504,2816.74491928,666.00428697,493.15731074
396,24.244620170823282,-15572.627337431142,32.44176687979726,1249.59265337,984.66508212,1018.73695615,603.79994151,536.08274052,552.40143878,2861.92777484,662.73861975,490.93796912
397,24.244620170823282,-15571.76161513689,47.39808988221003,1241.50039921,984.48111702,1018.51298562,598.69453384,536.1492747,552.34817219,2850.34471629,663.57555196,491.50607728
398,24.244620170823282,-15572.139662502037,41.84966573296985,1244.501759,984.54940865,1018.59611652,600.58837255,536.12461627,552.3678902,2854.49203144,663.27593069,491.30260718
399,24.244620170823282,-15572.086761592987,42.68455357156609,1244.05014594,984.53917907,1018.58357142,600.30339326,536.12832723,552.36500897,2853.85771131,663.32172456,491.3336974
400,24.244620170823282,-15572.082770930863,42.746617158203925,1244.01655241,984.53834574,1018.58267372,600.28216768,536.12863245,552.36472128,2853.8106164,663.32512793,491.33599223
401,24.244620170823282,-15572.082908493265,42.74447982734502,1244.01765116,984.53844639,1018.58270223,600.28292038,536.12861558,552.3647704,2853.81224262,663.32503416,491.33598836
402,30.702906297578497,-15573.014987895443,24.576265649530114,1255.73049861,984.85513982,1018.9801001,607.99004065,536.00776134,552.46079123,2867.44258384,662.29720414,490.6634973
403,30.702906297578497,2523053.155270802,2457626.5649530115,0.0643200378,0.0257806489,0.396153975,293.684736,284.030738,2096.35475,0.194923288,372.345686,844.97671
404,30.702906297578497,-15573.014140403946,25.37180675098784,1255.36043631,984.84847103,1018.97234181,607.76706224,536.01003341,552.4590195,2866.67612089,662.35121469,490.70092976
405,30.702906297578497,-15411.485033892086,795.7302079594315,900.43968707,977.98572918,1011.34422047,392.53671858,538.06561806,550.67922953,2516.32323086,686.52231642,508.02449597
406,30.702906297578497,-15572.98651573679,29.286914673207942,1253.53955281,984.81538225,1018.93371806,606.6699184,536.02118645,552.45004245,2862.97791361,662.61164877,490.88146283
407,30.702906297578497,-15564.835528734651,127.33434339323804,1207.99625798,983.98157633,1017.96589233,579.2044059,536.29817675,552.22585926,2790.79159755,667.6647058,494.41451019
408,30.702906297578497,-15572.772601896793,38.8294067287264,1249.1021545,984.73475434,1018.83953661,603.99589744,536.04833346,552.42825834,2854.4061626,663.21453279,491.30013666
409,30.702906297578497,-15571.781714477063,58.83344030428576,1239.80335586,984.56533172,1018.64218116,598.39094739,536.10512512,552.38259668,2837.97129669,664.36823163,492.10348603
410,30.702906297578497,-15572.271428964705,50.525992512187756,1243.66440762,984.63578508,1018.72413676,600.71850715,536.08156764,552.4015322,2844.58336091,663.90447193,491.78013794
411,30.702906297578497,-15572.200144943443,51.8527394282004,1243.04775854,984.62449911,1018.71104598,600.34680012,536.08532204,552.39850769,2843.50890236,663.97988703,491.83269519
412,30.702906297578497,-15572.193201805369,51.97931298306241,1242.98887808,984.6234797,1018.70979217,600.31136491,536.08567689,552.39822464,2843.40672849,663.98700305,491.8377327
413,30.702906297578497,-15572.193344618241,51.976714017412256,1242.99009615,984.62348796,1018.70987412,600.31208371,536.08569676,552.39815928,2843.40882143,663.98684728,491.83765596
414,38.88155180308085,-15573.123736665697,30.997874122777137,1254.97579373,984.88594038,1019.0232805,607.80259593,535.99372022,552.4717587,2860.21152409,662.66336007,490.98932604
415,38.88155180308085,2910877.295471074,3099787.412277714,0.0161832015,0.00679006867,462.862853,576.072806,237.268796,1219.18716,0.0180286415,0.0241087755,700.906445
416,38.88155180308085,-15573.12309691087,31.868325084462626,1254.63360984,984.88095279,1019.01764854,607.60396918,535.99526765,552.47050094,2859.35490007,662.71970852,491.03035703
417,38.88155180308085,-15348.713876063523,1148.7159302718928,818.71238484,978.18489881,1011.80158144,353.27120114,537.89159343,550.82578002,2315.93839435,695.25840029,517.15251983
418,38.88155180308085,-15573.102015194294,35.955026464244426,1253.0269882,984.85766978,1018.99135243,606.67123985,536.00263515,552.46456599,2855.39005968,662.98004985,491.22049462
419,38.88155180308085,-15562.568594198952,172.0756351272359,1199.56230752,984.07733896,1018.11529082,575.61216822,536.24680775,552.26617445,2750.81688952,669.68184399,496.22864963
420,38.88155180308085,-15572.92716308056,46.29402819752248,1248.96273379,984.79877022,1018.92491245,604.31151409,536.02138284,552.44953349,2845.73390421,663.6119113,491.68332521
421,38.88155180308085,-15571.714835036213,74.86529787420449,1237.73419348,984.63562261,1018.74099327,597.79120433,536.07280499,552.40791253,2821.1654519,665.20606654,492.86036438
422,38.88155180308085,-15572.42039976054,61.028544943180414,1243.17153256,984.71471092,1018.830052,600.94883558,536.04790915,552.42806706,2832.73111954,664.45789934,492.30634147
423,38.88155180308085,-15572.316361549987,63.35140659608173,1242.25864502,984.70151738,1018.81515364,600.41876642,536.05204572,552.42467889,2830.74981132,664.58636045,492.40124501
424,38.88155180308085,-15572.301878996399,63.66437864657511,1242.1356658,984.69966415,1018.81306689,600.34731735,536.0526811,552.42417715,2830.48417338,664.60354354,492.41400737
425,38.88155180308085,-15572.30202684715,63.66119542764178,1242.13691344,984.69970473,1018.81314442,600.3480305,536.05264174,552.42420239,2830.48682746,664.60336923,492.41390792
426,49.238826317067364,-15573.232499860002,39.35471540850965,1254.25749159,984.91358471,1019.05897469,607.6076284,535.98259039,552.48048826,2851.17062033,662.90485177,491.30627083
427,49.238826317067364,3393019.7729516556,3935471.540850965,46.429891,324.454648,1641.13107,0.0955553933,151.881663,22.41684,12.5701466,864.721939,5.09856285
428,49.238826317067364,-15573.231970875773,40.303514572659445,1253.94633847,984.91001003,1019.05505414,607.4323481,535.98367099,552.4796625,2850.22700335,662.95834304,491.34876879
429,49.238826317067364,-15302.801516465397,1512.773350142023,773.45378011,979.09232658,1012.90559513,335.83195192,537.57820391,551.10529709,2072.3036709,696.74045309,524.59700373
430,49.238826317067364,-15573.21462757595,44.77516835315046,1252.47996191,984.89310672,1019.03651584,606.60633543,535.98880265,552.47552597,2845.82767193,663.2069771,491.54643338
431,49.238826317067364,-15560.573415050996,226.40381157574512,1192.95587283,984.20278382,1018.28088257,573.0603094,536.19489638,552.30748971,2701.17617761,670.86654227,497.947135
432,49.238826317067364,-15573.06500481055,56.32573462731551,1248.69237581,984.84944436,1018.98839408,604.47260546,536.00199955,552.46484976,2834.79221577,663.82563371,492.04145415
433,49.238826317067364,-15571.660947720966,95.26980450040043,1235.92420115,984.70202144,1018.82647518,597.27891591,536.04638152,552.42887188,2800.25258881,665.72034368,493.58233805
434,49.238826317067364,-15572.565146680328,74.47359002938659,1242.74200342,984.7807847,1018.91306212,601.12033379,536.02264171,552.44804687,2818.25183069,664.7404858,492.78088062
435,49.238826317067364,-15572.400533549353,78.88971160961667,1241.29418735,984.76404259,1018.89462382,600.3045411,536.02775019,552.44396628,2814.35217178,664.95406769,492.95480139
436,49.238826317067364,-15572.41116850012,78.61651382451232,1241.38372742,984.76511042,1018.89577936,600.35502303,536.02741285,552.44417414,2814.59208133,664.94101861,492.9440694
437,49.238826317067364,-15572.410718326108,78.62810885163321,1241.3799162,984.76506331,1018.89573265,600.35286117,536.02737403,552.44421752,2814.58192717,664.94155347,492.94454328
438,49.238826317067364,-15572.410565666245,78.6320402570768,1241.37863166,984.7650087,1018.89562729,600.35214447,536.02740919,552.44423834,2814.57851138,664.94179706,492.94467482
439,62.355073412739124,-15573.338952210832,50.06164816900189,1253.61790288,984.93833251,1019.0890401,607.43014897,535.97364012,552.48760663,2840.28645437,662.84443101,491.44166975
440,62.355073412739124,3983136.5635363585,5006164.816900189,43.4866614,0.146494685,1117.39126,498.533988,885.540112,196.72682,32.2016498,1.49195071,1.29706473
441,62.355073412739124,-15573.338616959587,51.090450205017575,1253.33955773,984.93576764,1019.08628046,607.27710199,535.9743743,552.48703588,2839.26644937,662.88813693,491.48025389
442,62.355073412739124,-15116.270114280132,2570.6027731143563,574.54379454,978.38643714,1012.32685594,232.94305815,537.6834965,550.99792183,1519.58735054,684.58517421,529.43279795
443,62.355073412739124,-15573.326723423226,55.61847601029738,1252.11428339,984.92458064,1019.07424003,606.60349769,535.97773651,552.48436772,2834.81105513,663.07837867,491.64843454
444,62.355073412739124,-15555.132799826206,330.1757844773525,1177.85966904,984.24122098,1018.34122724,565.76405786,536.17399679,552.32370282,2615.17178603,670.97060357,499.42088623
445,62.355073412739124,-15573.215190216444,67.83496039985387,1248.80882533,984.89432821,1019.04166037,604.78610268,535.98641673,552.47726142,2823.04386669,663.57319256,492.08993165
446,62.355073412739124,-15571.362724445387,127.03631414851657,1232.79234714,984.74754505,1018.88360231,595.97921347,536.02895756,552.44260922,2769.98244765,665.68584383,494.0390874
447,62.355073412739124,-15572.748166647152,90.14203352706512,1242.77345366,984.83913598,1018.98210982,601.46763632,536.00250272,552.46417137,2802.36969098,664.41818433,492.85707394
448,62.355073412739124,-15572.491635389648,98.63513143379278,1240.47568147,984.81803653,1018.95941426,600.20415265,536.00861714,552.45922791,2794.73341521,664.72305765,493.13784316
449,62.355073412739124,-15572.518973690578,97.78938057726815,1240.70448977,984.82011197,1018.96167082,600.32991098,536.00803484,552.45972831,2795.48851621,664.69312653,493.11014713
450,62.355073412739124,-15572.51719293046,97.84483953090731,1240.68950414,984.81997986,1018.96155796,600.32174016,536.00802653,552.45967703,2795.43902795,664.6950776,493.11196165
451,62.355073412739124,-15572.51703576254,97.84973177288485,1240.6881095,984.81997949,1018.96150936,600.32099751,536.00799012,552.45970427,2795.43462275,664.6952759,493.11215875
452,78.96522868499724,-15573.428121038996,63.70711463591517,1253.06580311,984.95996176,1019.11412168,607.27605217,535.96642767,552.49340707,2827.62503383,662.32784016,491.10842188
453,78.96522868499724,4700152.91714289,6370711.463591517,0.367302572,0.450215167,1188.28971,783.465891,853.318233,638.311403,10.1221347,26.4825702,0.314893393
454,78.96522868499724,-15573.427816984275,64.8172796599529,1252.82007982,984.95819941,1019.11225652,607.14355228,535.96694739,552.49304969,2826.54574561,662.35548975,491.13502704
455,78.96522868499724,-15095.737357795835,3062.7590437844733,591.11295498,979.96240571,1013.98513405,249.69284441,537.26423491,551.37858047,1202.45974574,643.39226211,499.6730328
456,78.96522868499724,-15573.417510655214,69.97275186738872,1251.67917349,984.94993253,1019.10348148,606.52830291,535.96929361,552.49105732,2821.56289312,662.48161626,491.25694788
457,78.96522868499724,-15552.863296995463,427.29093388781916,1172.62963237,984.37390503,1018.49489298,563.895383,536.13009684,552.35924874,2534.90583705,666.96424219,496.86163081
458,78.96522868499724,-15573.318663371763,84.07417225223912,1248.55859042,984.92727802,1019.07945494,604.84573978,535.97562667,552.48588545,2808.16258712,662.81023137,491.5796593
459,78.96522868499724,-15571.255833484338,162.47864494843856,1231.20930155,984.80131175,1018.94605001,595.49037125,536.01105437,552.45700141,2738.31668928,664.29894935,493.14737472
460,78.96522868499724,-15572.87078501462,111.14805192078971,1242.56745875,984.88381057,1019.03331119,601.61521794,535.98789848,552.47592387,2783.24649679,663.38208741,492.15971293
461,78.96522868499724,-15572.571109871567,123.33724098694546,1239.87020544,984.86426786,1019.01266017,600.16076219,535.99343629,552.47138265,2772.32865156,663.61786636,492.40633351
462,78.96522868499724,-15572.609261088746,121.90399190179782,1240.18736631,984.86653275,1019.01508233,600.33174758,535.99274744,552.47192584,2773.6037914,663.59081267,492.37776857
463,78.96522868499724,-15572.606373580682,122.01347610334403,1240.16309182,984.86639639,1019.01488813,600.31870034,535.99275539,552.47189861,2773.50616462,663.59290392,492.37993786
464,78.96522868499724,-15572.606212552277,122.0195767771502,1240.16175083,984.8663756,1019.01488554,600.31795763,535.99279324,552.47190531,2773.50069116,663.59300574,492.38006952
465,100.0,-15573.467937280435,79.61709511679774,1252.8567226,984.98006367,1019.13650113,607.28233428,535.96021355,552.49839912,2814.75486619,661.27706818,489.97081187
466,100.0,5457144.522255438,7961709.511679774,0.000550213416,0.00103056278,345.836249,586.309076,842.874922,1244.70395,0.00112515046,0.000151867079,1005.97777
467,100.0,-15573.467669002517,80.8125939830546,1252.64185554,984.97877648,1019.13526742,607.16829032,535.96056833,552.49811455,2813.63459442,661.2847789,489.97649632
468,100.0,-15043.710172620431,3739.9022160523186,596.13890327,981.08993455,1015.16421124,258.25248224,536.96447233,551.64395861,898.04673431,579.67866855,435.69253682
469,100.0,-15573.459237347444,86.48679065115618,1251.62217077,984.97295819,1019.12915107,606.62692667,535.96215579,552.49680576,2808.34168119,661.3199666,490.00212607
470,100.0,-15549.234001893668,562.3795475994095,1166.11857171,984.47998591,1018.6144036,561.22909228,536.09673444,552.3863808,2436.10568554,659.06111971,488.64384849
471,100.0,-15573.375054179382,102.45914847898301,1248.75181229,984.95643985,1019.11177414,605.10317181,535.96669884,552.49313715,2793.64194885,661.40451734,490.06450646
472,100.0,-15570.99161574372,208.78272138119684,1229.64582999,984.8466047,1018.99688988,594.95997415,535.99683625,552.46845754,2701.54130552,661.54882795,490.19806269
473,100.0,-15572.955755910678,134.97429643662878,1242.90876837,984.92292691,1019.07669229,602.00120908,535.97594364,552.48558831,2764.51655544,661.51847116,490.15232754
474,100.0,-15572.593984663476,153.0895243001404,1239.65346412,984.90419134,1019.05709289,600.27299829,535.9810099,552.48138715,2748.69269431,661.55269788,490.18161888
475,100.0,-15572.651399928687,150.4765443618481,1240.1230243,984.90689544,1019.05990497,600.52230306,535.98030553,552.4819985,2750.95885532,661.548941,490.1781039
476,100.0,-15572.646238666268,150.71468065764495,1240.08023653,984.90665328,1019.05968592,600.49960896,535.98040702,552.48192409,2750.75216103,661.54925838,490.17844754
477,100.0,-15572.646075105726,150.72221639167884,1240.07891707,984.90669148,1019.05968459,600.49888804,535.9804078,552.48190647,2750.74556957,661.54927422,490.17849077
