,lamb,fun,p0,p1,p2,p3,p4,p5,p6
0,0.01,-13395.861911234457,0.000538396247,1139.10704,879.061051,854.231412,573.766261,555.420262,580.504056
1,0.011937766417144363,-13395.861910459484,0.000538386525,1139.10691,879.061013,854.23145,573.76634,555.420193,580.50405
2,0.014251026703029978,-13395.861913794048,6.10656974e-10,1139.10777,879.061626,854.227918,573.765697,555.422488,580.504345
3,0.017012542798525893,-13395.861913784647,7.81546916e-08,1139.10497,879.059944,854.23733,573.764928,555.420923,580.501727
4,0.020309176209047358,-13395.861913695719,2.11034873e-07,1139.09701,879.06396,854.235274,573.765419,555.412211,580.514215
5,0.024244620170823284,-13395.861913529032,1.90946714e-10,1139.10792,879.077542,854.218367,573.777817,555.408151,580.509446
6,0.028942661247167517,-13395.861905062917,0.000864931425,1139.10705,879.061029,854.231368,573.766287,555.420232,580.503801
7,0.0345510729459222,-13395.861904306727,0.000864809781,1139.10698,879.061082,854.231386,573.766398,555.420223,580.503646
8,0.04124626382901352,-13395.86190328997,0.000864807801,1139.10693,879.06107,854.231357,573.766316,555.420225,580.503597
9,0.04923882631706739,-13395.861912748362,4.27181938e-09,1139.05185,879.063581,854.230788,573.74648,555.423657,580.501583
10,0.05878016072274912,-13395.86191315822,6.35611934e-06,1139.12494,879.058125,854.227522,573.751357,555.430372,580.535668
11,0.07017038286703829,-13395.86191320487,8.19027377e-09,1139.10581,879.041326,854.234646,573.786687,555.392387,580.508022
12,0.0837677640068292,-13395.861913138395,1.23173291e-05,1139.10587,879.090884,854.223819,573.762994,555.404265,580.500375
13,0.1,-13395.861905749784,0.000864860351,1139.107,879.061009,854.231023,573.766365,555.420308,580.503328
14,0.1193776641714437,-13395.86190934081,0.000864855391,1139.10703,879.061049,854.230904,573.76627,555.420223,580.503254
15,0.14251026703029984,-13395.861913253819,0.000864864326,1139.10709,879.06102,854.230893,573.766253,555.420303,580.50324
16,0.17012542798525893,-13395.861916707305,0.000864812817,1139.10703,879.060987,854.230693,573.76623,555.420333,580.503226
17,0.20309176209047358,-13395.861918993853,0.000864867359,1139.10708,879.060967,854.230736,573.766157,555.420271,580.503253
18,0.24244620170823283,-13395.861919658924,0.000864875026,1139.10706,879.060981,854.23063,573.76612,555.420342,580.50325
19,0.28942661247167517,-13395.861918590817,0.000864865861,1139.10706,879.061017,854.230586,573.766019,555.420312,580.503258
20,0.345510729459222,-13395.861916027621,0.000864871131,1139.10707,879.061012,854.230547,573.765979,555.420396,580.503363
21,0.41246263829013524,-13395.861912508455,0.000864870734,1139.10698,879.061051,854.230506,573.765973,555.42036,580.503457
22,0.49238826317067413,-13395.86190876877,0.000864836295,1139.10688,879.061056,854.230562,573.765881,555.420296,580.503487
23,0.5878016072274915,-13395.861913621065,7.04808562e-07,1139.12397,879.050307,854.220048,573.766436,555.413106,580.499932
24,0.701703828670383,-13395.861913685543,2.84097971e-09,1139.10167,879.053857,854.22692,573.770841,555.426934,580.493648
25,0.837677640068292,-13395.861913794015,5.73882501e-09,1139.10683,879.059972,854.229638,573.768791,555.417608,580.503804
26,1.0,-13395.86191368003,3.29410838e-07,1139.11356,879.049838,854.237168,573.760824,555.430121,580.501869
27,1.1937766417144369,-13395.86190574237,0.000865050238,1139.10672,879.061028,854.230832,573.765687,555.42033,580.503861
28,1.4251026703029992,-13395.86190838129,0.000864940859,1139.10656,879.061022,854.230919,573.765547,555.420442,580.503905
29,1.7012542798525891,-13395.861911230288,0.000865067059,1139.10649,879.061044,854.230973,573.765512,555.420423,580.503942
30,2.030917620904737,-13395.86191392908,0.000865070898,1139.1065,879.061033,854.231035,573.765491,555.420395,580.503962
31,2.424462017082328,-13395.861916254082,0.000865074085,1139.10652,879.06099,854.231056,573.765444,555.420406,580.503986
32,2.8942661247167516,-13395.861918103394,0.000865045399,1139.10651,879.061007,854.23112,573.765515,555.420427,580.503965
33,3.4551072945922217,-13395.861919450343,0.000865032063,1139.10649,879.060955,854.231225,573.765448,555.420436,580.504079
34,4.1246263829013525,-13395.861920304334,0.000864971771,1139.10645,879.060978,854.231209,573.765455,555.420425,580.50401
35,4.923882631706742,-13395.861920697807,0.000865043215,1139.10636,879.060943,854.231226,573.765592,555.420394,580.504081
36,5.878016072274912,-13395.861920682146,0.000865069991,1139.10638,879.060884,854.231272,573.765534,555.420436,580.504036
37,7.01703828670383,-13395.861920333227,0.000865064913,1139.10639,879.0609,854.231272,573.76559,555.420423,580.504119
38,8.376776400682925,-13395.878684483867,3.58817105,1137.73520378,878.99657501,851.79343913,573.86480792,552.87998652,579.61690299
39,10.0,-13395.861919012083,0.000865069578,1139.10642,879.060968,854.231271,573.765762,555.420305,580.504092
40,0.01,-13395.86191123446,0.000538396247149962,1139.10704138,879.06103538,854.23141496,573.76627504,555.42026219,580.50407031
41,0.01,-13395.594036851533,53.8396247149962,1139.10765163,879.06091467,854.22244907,573.8897568,555.39228965,577.91864358
42,0.01,-13395.86191123446,0.000538396247149962,1139.10704138,879.06103538,854.23141496,573.76627504,555.42026219,580.50407031
43,0.01,-13395.304317702565,107.6792494299924,1139.10821563,879.06090915,854.21352146,574.00921803,555.36528475,575.4298176
44,0.01,-13395.86191123446,0.000538396247149962,1139.10704138,879.06103538,854.23141496,573.76627504,555.42026219,580.50407031
45,0.01,-13394.66355233744,215.3584988599848,1139.10939771,879.0607288,854.19557019,574.23744308,555.31358973,570.71517169
46,0.01,-13395.07556231356,147.67999297993833,1139.10863745,879.06079181,854.20688642,574.09565316,555.34567103,573.63925967
47,0.01,-13395.041365460265,153.49709552886867,1139.10865095,879.06081999,854.20589036,574.10796324,555.34291793,573.38283713
48,0.01,-13395.040149013805,153.70329368114616,1139.10863498,879.06082218,854.20584939,574.10848297,555.34278977,573.37372141
49,0.01,-13395.040194356947,153.6956085164611,1139.10864525,879.06083427,854.2058975,574.10839348,555.3427854,573.37404179
50,0.011937766417144363,-13395.861910459487,0.0005383865254329409,1139.10711188,879.06102191,854.23148787,573.76631792,555.42026947,580.50401769
51,0.011937766417144363,-13395.50243765743,53.838652543294096,1139.10927347,879.06068078,854.1964867,573.97503534,555.37297558,576.10889334
52,0.011937766417144363,-13395.861910459487,0.0005383865254329409,1139.10711188,879.06102191,854.23148787,573.76631792,555.42026947,580.50401769
53,0.011937766417144363,-13395.094363842512,107.67730508658819,1139.11149446,879.06048389,854.16152123,574.17550107,555.32762074,571.92664983
54,0.011937766417144363,-13395.861910459487,0.0005383865254329409,1139.10711188,879.06102191,854.23148787,573.76631792,555.42026947,580.50401769
55,0.011937766417144363,-13394.14434916159,215.35461017317638,1139.11603992,879.0598513,854.09178123,574.55454109,555.24176114,564.12521039
56,0.011937766417144363,-13395.131377763057,103.03604166491746,1139.11134692,879.06049641,854.16451483,574.15849947,555.33139808,572.27934096
57,0.011937766417144363,-13395.038684896597,114.58062997104193,1139.11176789,879.06045513,854.15714579,574.20061597,555.3219041,571.40478001
58,0.011937766417144363,-13395.040164663324,114.39834808001208,1139.11184282,879.06044234,854.15727474,574.20000948,555.32206814,571.41844502
59,0.011937766417144363,-13395.040118236828,114.40406799741709,1139.11179765,879.06042193,854.15719798,574.199962,555.32205187,571.41812972
60,0.014251026703029978,-13395.861913800221,6.106569735256853e-10,1139.10705999,879.06100154,854.23147654,573.76627714,555.42031851,580.50417411
61,0.014251026703029978,-13395.861913344232,6.106569735256853e-05,1139.10701645,879.06099161,854.23144978,573.76632731,555.42029097,580.50411972
62,0.014251026703029978,-13395.861913800221,6.106569735256853e-10,1139.10705999,879.06100154,854.23147654,573.76627714,555.42031851,580.50417411
63,0.014251026703029978,-13395.861912888235,0.00012213139470513705,1139.10702259,879.06099967,854.23150443,573.76633953,555.42024797,580.50410033
64,0.014251026703029978,-13395.861913800221,6.106569735256853e-10,1139.10705999,879.06100154,854.23147654,573.76627714,555.42031851,580.50417411
65,0.014251026703029978,-13395.861911976244,0.0002442627894102741,1139.10703845,879.06101159,854.23149372,573.76631584,555.42025682,580.50410033
66,0.014251026703029978,-13395.861913800221,6.106569735256853e-10,1139.10705999,879.06100154,854.23147654,573.76627714,555.42031851,580.50417411
67,0.014251026703029978,-13395.861910152258,0.0004885255788205482,1139.10701153,879.06104916,854.23144412,573.76631071,555.42029989,580.50411608
68,0.014251026703029978,-13395.861913800221,6.106569735256853e-10,1139.10705999,879.06100154,854.23147654,573.76627714,555.42031851,580.50417411
69,0.014251026703029978,-13395.86190650428,0.0009770511576410964,1139.10702488,879.06100987,854.23151434,573.76632515,555.42023647,580.5040611
70,0.014251026703029978,-13395.861913800221,6.106569735256853e-10,1139.10705999,879.06100154,854.23147654,573.76627714,555.42031851,580.50417411
71,0.014251026703029978,-13395.861899208301,0.001954102315282193,1139.10703658,879.06096851,854.23143852,573.76635863,555.42026218,580.50384425
72,0.014251026703029978,-13395.861913800221,6.106569735256853e-10,1139.10705999,879.06100154,854.23147654,573.76627714,555.42031851,580.50417411
73,0.014251026703029978,-13395.861884616243,0.003908204630564386,1139.10701785,879.06095013,854.23146301,573.76635646,555.42024804,580.5036435
74,0.014251026703029978,-13395.861913800221,6.106569735256853e-10,1139.10705999,879.06100154,854.23147654,573.76627714,555.42031851,580.50417411
75,0.014251026703029978,-13395.861855431733,0.007816409261128771,1139.10704473,879.0610062,854.23144161,573.76637804,555.42028106,580.50309501
76,0.014251026703029978,-13395.861913800221,6.106569735256853e-10,1139.10705999,879.06100154,854.23147654,573.76627714,555.42031851,580.50417411
77,0.014251026703029978,-13395.86179706113,0.015632818522257542,1139.10697684,879.06102362,854.2314231,573.76641154,555.42023455,580.5020453
78,0.014251026703029978,-13395.861913800221,6.106569735256853e-10,1139.10705999,879.06100154,854.23147654,573.76627714,555.42031851,580.50417411
79,0.014251026703029978,-13395.86168031359,0.031265637044515085,1139.10704292,879.06098988,854.231374,573.76646667,555.42023119,580.49999051
80,0.014251026703029978,-13395.861913800221,6.106569735256853e-10,1139.10705999,879.06100154,854.23147654,573.76627714,555.42031851,580.50417411
81,0.014251026703029978,-13395.861446793202,0.06253127408903017,1139.10701049,879.06107472,854.23135098,573.76670453,555.42022382,580.49582195
82,0.014251026703029978,-13395.861913800221,6.106569735256853e-10,1139.10705999,879.06100154,854.23147654,573.76627714,555.42031851,580.50417411
83,0.014251026703029978,-13395.86097965117,0.12506254817806034,1139.1070779,879.06102625,854.23118575,573.76710542,555.42018042,580.48755835
84,0.014251026703029978,-13395.861913800221,6.106569735256853e-10,1139.10705999,879.06100154,854.23147654,573.76627714,555.42031851,580.50417411
85,0.014251026703029978,-13395.860044962132,0.2501250963561207,1139.10697461,879.06100563,854.23094135,573.76786173,555.4200008,580.47103149
86,0.014251026703029978,-13395.861913800221,6.106569735256853e-10,1139.10705999,879.06100154,854.23147654,573.76627714,555.42031851,580.50417411
87,0.014251026703029978,-13395.858173964532,0.5002501927122414,1139.10704894,879.06101226,854.23035497,573.76940253,555.41955423,580.43792926
88,0.014251026703029978,-13395.861913800221,6.106569735256853e-10,1139.10705999,879.06100154,854.23147654,573.76627714,555.42031851,580.50417411
89,0.014251026703029978,-13395.854425494097,1.0005003854244827,1139.10723623,879.06100268,854.22934851,573.77254608,555.41887073,580.37178235
90,0.014251026703029978,-13395.861913800221,6.106569735256853e-10,1139.10705999,879.06100154,854.23147654,573.76627714,555.42031851,580.50417411
91,0.014251026703029978,-13395.846902675268,2.0010007708489654,1139.10733045,879.06094743,854.22727056,573.77871805,555.41748565,580.23944685
92,0.014251026703029978,-13395.861913800221,6.106569735256853e-10,1139.10705999,879.06100154,854.23147654,573.76627714,555.42031851,580.50417411
93,0.014251026703029978,-13395.831753709263,4.002001541697931,1139.10760542,879.06094414,854.22300893,573.7910889,555.41466974,579.97548582
94,0.014251026703029978,-13395.861913800221,6.106569735256853e-10,1139.10705999,879.06100154,854.23147654,573.76627714,555.42031851,580.50417411
95,0.014251026703029978,-13395.801043924752,8.004003083395862,1139.10807186,879.06089125,854.21466821,573.81577465,555.40904296,579.44927323
96,0.014251026703029978,-13395.861913800221,6.106569735256853e-10,1139.10705999,879.06100154,854.23147654,573.76627714,555.42031851,580.50417411
97,0.014251026703029978,-13395.737988524808,16.008006166791724,1139.10919188,879.06073395,854.19777733,573.86488037,555.39789443,578.40419542
98,0.014251026703029978,-13395.861913800221,6.106569735256853e-10,1139.10705999,879.06100154,854.23147654,573.76627714,555.42031851,580.50417411
99,0.014251026703029978,-13395.605425338406,32.01601233358345,1139.11134962,879.06046457,854.16420926,573.96204952,555.37594434,576.34272942
100,0.014251026703029978,-13395.861913800221,6.106569735256853e-10,1139.10705999,879.06100154,854.23147654,573.76627714,555.42031851,580.50417411
101,0.014251026703029978,-13395.315190867934,64.0320246671669,1139.11567697,879.05996972,854.09693116,574.15257541,555.33277712,572.33000629
102,0.014251026703029978,-13395.861913800221,6.106569735256853e-10,1139.10705999,879.06100154,854.23147654,573.76627714,555.42031851,580.50417411
103,0.014251026703029978,-13394.63951609332,128.0640493343338,1139.12433794,879.05890197,853.96282658,574.51911876,555.24977281,564.71170192
104,0.014251026703029978,-13395.09638409919,86.09159646313046,1139.11865721,879.05959664,854.05072421,574.28095252,555.30372178,569.64637183
105,0.014251026703029978,-13395.04298411722,91.25765700380785,1139.1194423,879.05955837,854.03987265,574.31062483,555.29698665,569.02714068
106,0.014251026703029978,-13395.040150318628,91.52963892588465,1139.11936678,879.05949162,854.03934996,574.31228304,555.29658685,568.99464934
107,0.014251026703029978,-13395.0401980198,91.52506244393736,1139.1194082,879.05959658,854.03937376,574.3122277,555.29660416,568.99520677
108,0.017012542798525893,-13395.86191379957,7.815469163390211e-08,1139.1069885,879.06101978,854.23151977,573.76630578,555.42027417,580.50415148
109,0.017012542798525893,-13395.861848048546,0.007815469163390211,1139.10702599,879.06102939,854.23140935,573.76639326,555.42024315,580.50264416
110,0.017012542798525893,-13395.86191379957,7.815469163390211e-08,1139.1069885,879.06101978,854.23151977,573.76630578,555.42027417,580.50415148
111,0.017012542798525893,-13395.861782293327,0.015630938326780423,1139.10696791,879.06099417,854.23140641,573.76650328,555.42022335,580.50108733
112,0.017012542798525893,-13395.86191379957,7.815469163390211e-08,1139.1069885,879.06101978,854.23151977,573.76630578,555.42027417,580.50415148
113,0.017012542798525893,-13395.861650772276,0.031261876653560845,1139.10705165,879.06104121,854.23126655,573.76657997,555.42020762,580.4980362
114,0.017012542798525893,-13395.86191379957,7.815469163390211e-08,1139.1069885,879.06101978,854.23151977,573.76630578,555.42027417,580.50415148
115,0.017012542798525893,-13395.861387687717,0.06252375330712169,1139.10710476,879.06103658,854.23105164,573.76691408,555.4201468,580.49196621
116,0.017012542798525893,-13395.86191379957,7.815469163390211e-08,1139.1069885,879.06101978,854.23151977,573.76630578,555.42027417,580.50415148
117,0.017012542798525893,-13395.860861348785,0.12504750661424338,1139.10706566,879.06101034,854.23075272,573.76742672,555.42003582,580.47976603
118,0.017012542798525893,-13395.86191379957,7.815469163390211e-08,1139.1069885,879.06101978,854.23151977,573.76630578,555.42027417,580.50415148
119,0.017012542798525893,-13395.859807991745,0.25009501322848676,1139.10710268,879.06104511,854.23004708,573.76857796,555.41978008,580.45535724
120,0.017012542798525893,-13395.86191379957,7.815469163390211e-08,1139.1069885,879.06101978,854.23151977,573.76630578,555.42027417,580.50415148
121,0.017012542798525893,-13395.857698561616,0.5001900264569735,1139.10720993,879.06101312,854.22855058,573.77082373,555.41924465,580.40654078
122,0.017012542798525893,-13395.86191379957,7.815469163390211e-08,1139.1069885,879.06101978,854.23151977,573.76630578,555.42027417,580.50415148
123,0.017012542798525893,-13395.853468842357,1.000380052913947,1139.1073849,879.06097527,854.22569397,573.77534882,555.41821278,580.30885899
124,0.017012542798525893,-13395.86191379957,7.815469163390211e-08,1139.1069885,879.06101978,854.23151977,573.76630578,555.42027417,580.50415148
125,0.017012542798525893,-13395.84496600935,2.000760105827894,1139.10773448,879.0609568,854.21992666,573.78436749,555.41617651,580.11380578
126,0.017012542798525893,-13395.86191379957,7.815469163390211e-08,1139.1069885,879.06101978,854.23151977,573.76630578,555.42027417,580.50415148
127,0.017012542798525893,-13395.827787096565,4.001520211655788,1139.10853735,879.06082503,854.20844348,573.80247626,555.41209638,579.72456961
128,0.017012542798525893,-13395.86191379957,7.815469163390211e-08,1139.1069885,879.06101978,854.23151977,573.76630578,555.42027417,580.50415148
129,0.017012542798525893,-13395.792738920172,8.003040423311576,1139.10994544,879.06069693,854.18537756,573.83845278,555.4039171,578.94910546
130,0.017012542798525893,-13395.86191379957,7.815469163390211e-08,1139.1069885,879.06101978,854.23151977,573.76630578,555.42027417,580.50415148
131,0.017012542798525893,-13395.719902043482,16.006080846623153,1139.11293426,879.06025466,854.13939238,573.91010857,555.38772322,577.41046834
132,0.017012542798525893,-13395.86191379957,7.815469163390211e-08,1139.1069885,879.06101978,854.23151977,573.76630578,555.42027417,580.50415148
133,0.017012542798525893,-13395.563429930742,32.012161693246306,1139.11880227,879.05963496,854.04746584,574.0519372,555.35552956,574.38076677
134,0.017012542798525893,-13395.86191379957,7.815469163390211e-08,1139.1069885,879.06101978,854.23151977,573.76630578,555.42027417,580.50415148
135,0.017012542798525893,-13395.208551642994,64.02432338649261,1139.13064778,879.05818522,853.86382969,574.32975699,555.29266254,568.50397242
136,0.017012542798525893,-13395.86191379957,7.815469163390211e-08,1139.1069885,879.06101978,854.23151977,573.76630578,555.42027417,580.50415148
137,0.017012542798525893,-13394.340392002883,128.04864677298522,1139.15414708,879.05525812,853.49830818,574.86399969,555.17167072,557.42119919
138,0.017012542798525893,-13395.14658047103,69.15807204611846,1139.13252259,879.05792491,853.83448936,574.37368406,555.28265223,567.58326064
139,0.017012542798525893,-13395.050131124379,76.93249050548881,1139.13541115,879.05756003,853.79001589,574.43981183,555.26773605,566.20006252
140,0.017012542798525893,-13395.040131729871,77.72442508789028,1139.13572198,879.05759005,853.78547164,574.44645465,555.26621818,566.05986263
141,0.017012542798525893,-13395.040180877912,77.72053886663488,1139.13565381,879.05750571,853.78548412,574.44641324,555.26627155,566.06054008
142,0.020309176209047358,-13395.861913798319,2.110348733571101e-07,1139.10706163,879.0610388,854.23143994,573.7662765,555.42027361,580.50415268
143,0.020309176209047358,-13395.861722915288,0.021103487335711008,1139.1070248,879.06100759,854.23119019,573.76654537,555.42026853,580.49841645
144,0.020309176209047358,-13395.861913798319,2.110348733571101e-07,1139.10706163,879.0610388,854.23143994,573.7662765,555.42027361,580.50415268
145,0.020309176209047358,-13395.86153199194,0.042206974671422016,1139.10702602,879.06101177,854.2308604,573.76679848,555.42013515,580.49276937
146,0.020309176209047358,-13395.861913798319,2.110348733571101e-07,1139.10706163,879.0610388,854.23143994,573.7662765,555.42027361,580.50415268
147,0.020309176209047358,-13395.861150030036,0.08441394934284403,1139.10712721,879.06103167,854.23025529,573.76732329,555.4200876,580.48124522
148,0.020309176209047358,-13395.861913798319,2.110348733571101e-07,1139.10706163,879.0610388,854.23143994,573.7662765,555.42027361,580.50415268
149,0.020309176209047358,-13395.860385645403,0.16882789868568807,1139.10709428,879.06098619,854.22916055,573.76836705,555.41984199,580.45842805
150,0.020309176209047358,-13395.861913798319,2.110348733571101e-07,1139.10706163,879.0610388,854.23143994,573.7662765,555.42027361,580.50415268
151,0.020309176209047358,-13395.858855033144,0.33765579737137613,1139.10729758,879.06099247,854.22680168,573.77049453,555.41929718,580.41262852
152,0.020309176209047358,-13395.861913798319,2.110348733571101e-07,1139.10706163,879.0610388,854.23143994,573.7662765,555.42027361,580.50415268
153,0.020309176209047358,-13395.85578643897,0.6753115947427523,1139.10762636,879.06096459,854.22227526,573.77464479,555.41835781,580.32113837
154,0.020309176209047358,-13395.861913798319,2.110348733571101e-07,1139.10706163,879.0610388,854.23143994,573.7662765,555.42027361,580.50415268
155,0.020309176209047358,-13395.849619790672,1.3506231894855045,1139.10814688,879.06084903,854.21312125,573.78305829,555.4164185,580.13833503
156,0.020309176209047358,-13395.861913798319,2.110348733571101e-07,1139.10706163,879.0610388,854.23143994,573.7662765,555.42027361,580.50415268
157,0.020309176209047358,-13395.83716880325,2.701246378971009,1139.10941305,879.06075993,854.19474649,573.79973509,555.41271146,579.77324608
158,0.020309176209047358,-13395.861913798319,2.110348733571101e-07,1139.10706163,879.0610388,854.23143994,573.7662765,555.42027361,580.50415268
159,0.020309176209047358,-13395.811797252833,5.402492757942018,1139.11174146,879.06041124,854.15805895,573.83317252,555.40518916,579.04506672
160,0.020309176209047358,-13395.861913798319,2.110348733571101e-07,1139.10706163,879.0610388,854.23143994,573.7662765,555.42027361,580.50415268
161,0.020309176209047358,-13395.759185289367,10.804985515884036,1139.11642922,879.05989473,854.084721,573.89971262,555.39010539,577.59693138
162,0.020309176209047358,-13395.861913798319,2.110348733571101e-07,1139.10706163,879.0610388,854.23143994,573.7662765,555.42027361,580.50415268
163,0.020309176209047358,-13395.64656044357,21.609971031768072,1139.12579185,879.05873623,853.93833248,574.03189119,555.36011653,574.73324745
164,0.020309176209047358,-13395.861913798319,2.110348733571101e-07,1139.10706163,879.0610388,854.23143994,573.7662765,555.42027361,580.50415268
165,0.020309176209047358,-13395.392288016188,43.219942063536145,1139.14456064,879.05650202,853.64624346,574.29303969,555.30100389,569.13203673
166,0.020309176209047358,-13395.861913798319,2.110348733571101e-07,1139.10706163,879.0610388,854.23143994,573.7662765,555.42027361,580.50415268
167,0.020309176209047358,-13394.77206840602,86.43988412707229,1139.18178065,879.05191175,853.06532826,574.80218931,555.18565785,558.40619014
168,0.020309176209047358,-13395.095393283927,65.17715401407033,1139.1634843,879.05417334,853.35053493,574.55377833,555.24189902,563.6061245
169,0.020309176209047358,-13395.042616118368,68.80999225621933,1139.16654682,879.05378144,853.30176272,574.59650751,555.23229551,562.70740485
170,0.020309176209047358,-13395.04015039491,68.97801047741984,1139.16670869,879.05380981,853.29945583,574.59849419,555.23179341,562.66593272
171,0.020309176209047358,-13395.040201030663,68.97456157689497,1139.16675929,879.05377266,853.29957037,574.59842895,555.23180231,562.66681278
172,0.024244620170823284,-13395.861913800225,1.909467141664931e-10,1139.10700778,879.06106615,854.23147767,573.76633551,555.42030974,580.50412366
173,0.024244620170823284,-13395.861913618377,1.909467141664931e-05,1139.10700456,879.06103389,854.23149244,573.76629664,555.42030909,580.50407369
174,0.024244620170823284,-13395.861913800225,1.909467141664931e-10,1139.10700778,879.06106615,854.23147767,573.76633551,555.42030974,580.50412366
175,0.024244620170823284,-13395.861913436529,3.818934283329862e-05,1139.10702716,879.06101293,854.2314232,573.76629529,555.42028178,580.50409062
176,0.024244620170823284,-13395.861913800225,1.909467141664931e-10,1139.10700778,879.06106615,854.23147767,573.76633551,555.42030974,580.50412366
177,0.024244620170823284,-13395.861913072831,7.637868566659724e-05,1139.10706569,879.06103111,854.23146007,573.76627189,555.42031667,580.50412113
178,0.024244620170823284,-13395.861913800225,1.909467141664931e-10,1139.10700778,879.06106615,854.23147767,573.76633551,555.42030974,580.50412366
179,0.024244620170823284,-13395.861912345434,0.00015275737133319447,1139.10704586,879.06105844,854.23144682,573.7663449,555.42027015,580.5040861
180,0.024244620170823284,-13395.861913800225,1.909467141664931e-10,1139.10700778,879.06106615,854.23147767,573.76633551,555.42030974,580.50412366
181,0.024244620170823284,-13395.86191089064,0.00030551474266638895,1139.10703621,879.06100753,854.23147731,573.7662966,555.42029989,580.50406463
182,0.024244620170823284,-13395.861913800225,1.909467141664931e-10,1139.10700778,879.06106615,854.23147767,573.76633551,555.42030974,580.50412366
183,0.024244620170823284,-13395.861907981041,0.0006110294853327779,1139.10702897,879.06100876,854.23143124,573.76630751,555.42032654,580.50387829
184,0.024244620170823284,-13395.861913800225,1.909467141664931e-10,1139.10700778,879.06106615,854.23147767,573.76633551,555.42030974,580.50412366
185,0.024244620170823284,-13395.861902161812,0.0012220589706655558,1139.10704115,879.06103925,854.2314416,573.76636734,555.42023008,580.50368702
186,0.024244620170823284,-13395.861913800225,1.909467141664931e-10,1139.10700778,879.06106615,854.23147767,573.76633551,555.42030974,580.50412366
187,0.024244620170823284,-13395.861890523229,0.0024441179413311116,1139.10701054,879.06103958,854.23137419,573.76633277,555.42028886,580.50324609
188,0.024244620170823284,-13395.861913800225,1.909467141664931e-10,1139.10700778,879.06106615,854.23147767,573.76633551,555.42030974,580.50412366
189,0.024244620170823284,-13395.861867245536,0.004888235882662223,1139.10705331,879.06103442,854.23129234,573.76641044,555.42023127,580.50242158
190,0.024244620170823284,-13395.861913800225,1.909467141664931e-10,1139.10700778,879.06106615,854.23147767,573.76633551,555.42030974,580.50412366
191,0.024244620170823284,-13395.861820688076,0.009776471765324446,1139.10704629,879.06101483,854.23118917,573.76648871,555.42025875,580.50069843
192,0.024244620170823284,-13395.861913800225,1.909467141664931e-10,1139.10700778,879.06106615,854.23147767,573.76633551,555.42030974,580.50412366
193,0.024244620170823284,-13395.861727564854,0.019552943530648893,1139.10707477,879.06100326,854.23088775,573.76664139,555.42020112,580.49718448
194,0.024244620170823284,-13395.861913800225,1.909467141664931e-10,1139.10700778,879.06106615,854.23147767,573.76633551,555.42030974,580.50412366
195,0.024244620170823284,-13395.861541285187,0.039105887061297785,1139.10708444,879.0610035,854.23033607,573.76692823,555.42013752,580.490205
196,0.024244620170823284,-13395.861913800225,1.909467141664931e-10,1139.10700778,879.06106615,854.23147767,573.76633551,555.42030974,580.50412366
197,0.024244620170823284,-13395.86116859298,0.07821177412259557,1139.10713512,879.06102298,854.22921309,573.76755431,555.41996444,580.47626063
198,0.024244620170823284,-13395.861913800225,1.909467141664931e-10,1139.10700778,879.06106615,854.23147767,573.76633551,555.42030974,580.50412366
199,0.024244620170823284,-13395.86042267711,0.15642354824519114,1139.10729499,879.06096904,854.22704367,573.76877359,555.419733,580.44827378
200,0.024244620170823284,-13395.861913800225,1.909467141664931e-10,1139.10700778,879.06106615,854.23147767,573.76633551,555.42030974,580.50412366
201,0.024244620170823284,-13395.8589287198,0.3128470964903823,1139.10757062,879.06096938,854.22262171,573.77129446,555.41914639,580.3925797
202,0.024244620170823284,-13395.861913800225,1.909467141664931e-10,1139.10700778,879.06106615,854.23147767,573.76633551,555.42030974,580.50412366
203,0.024244620170823284,-13395.85593230513,0.6256941929807646,1139.10816986,879.06090254,854.21381241,573.77639988,555.41802935,580.28094264
204,0.024244620170823284,-13395.861913800225,1.909467141664931e-10,1139.10700778,879.06106615,854.23147767,573.76633551,555.42030974,580.50412366
205,0.024244620170823284,-13395.849905493313,1.2513883859615291,1139.10925296,879.06072001,854.19621515,573.78633705,555.41570996,580.05805834
206,0.024244620170823284,-13395.861913800225,1.909467141664931e-10,1139.10700778,879.06106615,854.23147767,573.76633551,555.42030974,580.50412366
207,0.024244620170823284,-13395.837716081234,2.5027767719230583,1139.11149178,879.06048107,854.16094731,573.80640644,555.41119121,579.61270767
208,0.024244620170823284,-13395.861913800225,1.909467141664931e-10,1139.10700778,879.06106615,854.23147767,573.76633551,555.42030974,580.50412366
209,0.024244620170823284,-13395.812795232243,5.0055535438461165,1139.11602947,879.05993029,854.09038196,573.84648255,555.402158,578.72444841
210,0.024244620170823284,-13395.861913800225,1.909467141664931e-10,1139.10700778,879.06106615,854.23147767,573.76633551,555.42030974,580.50412366
211,0.024244620170823284,-13395.760794419515,10.011107087692233,1139.12501565,879.05881025,853.94957405,573.92638698,555.38407143,576.95726584
212,0.024244620170823284,-13395.861913800225,1.909467141664931e-10,1139.10700778,879.06106615,854.23147767,573.76633551,555.42030974,580.50412366
213,0.024244620170823284,-13395.648227471072,20.022214175384466,1139.14294214,879.05662204,853.66855291,574.08552209,555.34800239,573.45983469
214,0.024244620170823284,-13395.861913800225,1.909467141664931e-10,1139.10700778,879.06106615,854.23147767,573.76633551,555.42030974,580.50412366
215,0.024244620170823284,-13395.389389788263,40.04442835076893,1139.17854847,879.0523518,853.10917651,574.40080783,555.27658814,566.60907966
216,0.024244620170823284,-13395.861913800225,1.909467141664931e-10,1139.10700778,879.06106615,854.23147767,573.76633551,555.42030974,580.50412366
217,0.024244620170823284,-13394.74118235505,80.08885670153786,1139.24943884,879.04380831,851.99996579,575.01974199,555.13642967,553.45729299
218,0.024244620170823284,-13395.108292548559,58.72414936131582,1139.21173685,879.04829943,852.59004422,574.69139718,555.21073901,560.38536917
219,0.024244620170823284,-13395.043792002692,62.68975142249682,1139.21879093,879.04747133,852.4802329,574.75269683,555.19692875,559.08424213
220,0.024244620170823284,-13395.040148572763,62.91073117898468,1139.21911453,879.04743538,852.47415574,574.75610526,555.19615117,559.01196965
221,0.024244620170823284,-13395.040200471534,62.907585642424735,1139.21914067,879.04741641,852.47420558,574.75602587,555.19609071,559.01304638
222,0.028942661247167517,-13395.861905062919,0.0008649314250570106,1139.10706476,879.06102287,854.23139447,573.76629025,555.42030253,580.50374957
223,0.028942661247167517,-13394.471777307186,86.49314250570106,1139.38907855,879.02685277,849.79296784,575.44376127,555.04046378,543.84351355
224,0.028942661247167517,-13395.162585220458,51.130026773603525,1139.27486139,879.04064166,851.58635565,574.76461789,555.19416821,558.33196943
225,0.028942661247167517,-13395.052230328052,57.397957560770756,1139.2953062,879.03823277,851.26633107,574.88561459,555.16677748,555.71509164
226,0.028942661247167517,-13395.040110001475,58.0686633309747,1139.29741517,879.03793552,851.23215323,574.89860518,555.16383139,555.43642076
227,0.028942661247167517,-13395.040162598956,58.065759897807155,1139.29748158,879.03794435,851.23227933,574.89847728,555.16390124,555.43755629
228,0.0345510729459222,-13395.86190430673,0.0008648097808487711,1139.10710005,879.06094845,854.23134162,573.76635646,555.42028242,580.50366006
229,0.0345510729459222,-13394.317421832151,86.48097808487711,1139.57679673,879.00413201,846.79623904,575.75355755,554.97035636,535.93269976
230,0.0345510729459222,-13395.186499375637,46.01373450249125,1139.35961764,879.03042217,850.224187,574.82563061,555.18040267,556.22273488
231,0.0345510729459222,-13395.057913813449,52.82862369391289,1139.39651626,879.02590359,849.64073857,574.98210746,555.1449799,552.73745067
232,0.0345510729459222,-13395.040072418153,53.744849880092275,1139.4013887,879.0253351,849.56246974,575.00318441,555.14015614,552.27102909
233,0.0345510729459222,-13395.040142562253,53.74126082551642,1139.40139444,879.02534194,849.56286256,575.00300422,555.14021366,552.27289599
234,0.04124626382901352,-13395.861903289971,0.0008648078006933981,1139.10701907,879.06101285,854.23132719,573.76635478,555.42027823,580.50366846
235,0.04124626382901352,-13394.168572964236,86.4807800693398,1139.82808439,878.97366076,842.73437522,576.00800561,554.91269272,527.90784577
236,0.04124626382901352,-13395.199423864433,41.96899532860677,1139.46184139,879.01800338,848.55189125,574.84877811,555.17511988,554.41894214
237,0.04124626382901352,-13395.03415011452,50.19481470538629,1139.53030252,879.00969549,847.46103656,575.06217348,555.12680592,549.43109292
238,0.04124626382901352,-13395.040342378965,49.896628652648175,1139.52775381,879.01005144,847.50045176,575.05440834,555.12852544,549.6111664
239,0.04124626382901352,-13395.04014152729,49.90631201392288,1139.5278729,879.00999443,847.49921271,575.05464745,555.12849619,549.60541012
240,0.04124626382901352,-13395.040089767026,49.90880732952458,1139.52789293,879.0100248,847.49895645,575.05473279,555.12848114,549.60386938
241,0.04923882631706739,-13395.861913800169,4.271819379055984e-09,1139.10703939,879.06105876,854.231425,573.76633711,555.42030684,580.50415204
242,0.04923882631706739,-13395.861908089528,0.0004271819379055984,1139.10706338,879.06101675,854.23133703,573.76631246,555.42027166,580.50381415
243,0.04923882631706739,-13395.861913800169,4.271819379055984e-09,1139.10703939,879.06105876,854.231425,573.76633711,555.42030684,580.50415204
244,0.04923882631706739,-13395.861902378794,0.0008543638758111968,1139.10700417,879.06097132,854.23131115,573.76629635,555.42032748,580.50350834
245,0.04923882631706739,-13395.861913800169,4.271819379055984e-09,1139.10703939,879.06105876,854.231425,573.76633711,555.42030684,580.50415204
246,0.04923882631706739,-13395.861890957234,0.0017087277516223936,1139.10708485,879.06103244,854.23108021,573.76636456,555.42032986,580.50292106
247,0.04923882631706739,-13395.861913800169,4.271819379055984e-09,1139.10703939,879.06105876,854.231425,573.76633711,555.42030684,580.50415204
248,0.04923882631706739,-13395.861868113727,0.0034174555032447872,1139.10714629,879.06102757,854.23077134,573.76638609,555.42024553,580.50168967
249,0.04923882631706739,-13395.861913800169,4.271819379055984e-09,1139.10703939,879.06105876,854.231425,573.76633711,555.42030684,580.50415204
250,0.04923882631706739,-13395.86182242518,0.0068349110064895744,1139.10714136,879.0609836,854.23009293,573.76650741,555.42027359,580.49925925
251,0.04923882631706739,-13395.861913800169,4.271819379055984e-09,1139.10703939,879.06105876,854.231425,573.76633711,555.42030684,580.50415204
252,0.04923882631706739,-13395.861731041916,0.013669822012979149,1139.10720764,879.06100796,854.22868704,573.76666834,555.42022912,580.49427305
253,0.04923882631706739,-13395.861913800169,4.271819379055984e-09,1139.10703939,879.06105876,854.231425,573.76633711,555.42030684,580.50415204
254,0.04923882631706739,-13395.861548250743,0.027339644025958298,1139.10740423,879.06092537,854.22603066,573.76707537,555.42013457,580.48438701
255,0.04923882631706739,-13395.861913800169,4.271819379055984e-09,1139.10703939,879.06105876,854.231425,573.76633711,555.42030684,580.50415204
256,0.04923882631706739,-13395.861182569828,0.054679288051916596,1139.10764508,879.06100873,854.22051933,573.76776981,555.41993154,580.46463558
257,0.04923882631706739,-13395.861913800169,4.271819379055984e-09,1139.10703939,879.06105876,854.231425,573.76633711,555.42030684,580.50415204
258,0.04923882631706739,-13395.860450813698,0.10935857610383319,1139.10834659,879.06083072,854.20959204,573.7692679,555.41964576,580.42517452
259,0.04923882631706739,-13395.861913800169,4.271819379055984e-09,1139.10703939,879.06105876,854.231425,573.76633711,555.42030684,580.50415204
260,0.04923882631706739,-13395.858985724282,0.21871715220766638,1139.10975265,879.06072446,854.18769161,573.77218612,555.41898578,580.34619784
261,0.04923882631706739,-13395.861913800169,4.271819379055984e-09,1139.10703939,879.06105876,854.231425,573.76633711,555.42030684,580.50415204
262,0.04923882631706739,-13395.856049237107,0.43743430441533276,1139.11238305,879.06031585,854.1438844,573.77810063,555.41759292,580.18820247
263,0.04923882631706739,-13395.861913800169,4.271819379055984e-09,1139.10703939,879.06105876,854.231425,573.76633711,555.42030684,580.50415204
264,0.04923882631706739,-13395.850151031616,0.8748686088306655,1139.11781407,879.05972435,854.0563992,573.78988691,555.41489414,579.87229029
265,0.04923882631706739,-13395.861913800169,4.271819379055984e-09,1139.10703939,879.06105876,854.231425,573.76633711,555.42030684,580.50415204
266,0.04923882631706739,-13395.838253713922,1.749737217661331,1139.12849608,879.0584439,853.88145396,573.81345773,555.4095724,579.24091764
267,0.04923882631706739,-13395.861913800169,4.271819379055984e-09,1139.10703939,879.06105876,854.231425,573.76633711,555.42030684,580.50415204
268,0.04923882631706739,-13395.814055594512,3.499474435322662,1139.14999371,879.05583738,853.53201728,573.86066357,555.39891923,577.97932669
269,0.04923882631706739,-13395.861913800169,4.271819379055984e-09,1139.10703939,879.06105876,854.231425,573.76633711,555.42030684,580.50415204
270,0.04923882631706739,-13395.764046562446,6.998948870645324,1139.19287376,879.05062645,852.83492181,573.95530912,555.37748383,575.4608331
271,0.04923882631706739,-13395.861913800169,4.271819379055984e-09,1139.10703939,879.06105876,854.231425,573.76633711,555.42030684,580.50415204
272,0.04923882631706739,-13395.657586472169,13.997897741290648,1139.27833048,879.04029231,851.44768505,574.1449816,555.3345321,570.44315862
273,0.04923882631706739,-13395.861913800169,4.271819379055984e-09,1139.10703939,879.06105876,854.231425,573.76633711,555.42030684,580.50415204
274,0.04923882631706739,-13395.418971433486,27.995795482581297,1139.44796489,879.01971743,848.70067168,574.52656657,555.24817195,560.48419076
275,0.04923882631706739,-13395.861913800169,4.271819379055984e-09,1139.10703939,879.06105876,854.231425,573.76633711,555.42030684,580.50415204
276,0.04923882631706739,-13394.839549317407,55.991590965162594,1139.78250537,878.97916308,843.31382842,575.2979921,555.07343403,540.87195362
277,0.04923882631706739,-13395.08311429392,45.00530040285907,1139.651979,878.99497479,845.410948,574.99393992,555.14227349,548.51984072
278,0.04923882631706739,-13395.0416660078,46.94322268484041,1139.67503979,878.99218767,845.03943485,575.04745315,555.13010918,547.16619339
279,0.04923882631706739,-13395.04015030836,47.013518523033255,1139.67590269,878.99209601,845.02597276,575.04930222,555.12974142,547.11720068
280,0.04923882631706739,-13395.040201006796,47.0111678471061,1139.67588203,878.99206823,845.02649279,575.04933237,555.12973641,547.11877155
281,0.05878016072274912,-13395.861913710305,6.356119335881844e-06,1139.10710842,879.06100711,854.23148006,573.76627568,555.42026909,580.50411566
282,0.05878016072274912,-13395.852887991514,0.6356119335881844,1139.11758121,879.05977508,854.05686806,573.78297957,555.41649903,579.99293936
283,0.05878016072274912,-13395.861913710305,6.356119335881844e-06,1139.10710842,879.06100711,854.23148006,573.76627568,555.42026909,580.50411566
284,0.05878016072274912,-13395.843794453474,1.2712238671763687,1139.12804535,879.05843932,853.88256492,573.79958012,555.41275761,579.48177664
285,0.05878016072274912,-13395.861913710305,6.356119335881844e-06,1139.10710842,879.06100711,854.23148006,573.76627568,555.42026909,580.50411566
286,0.05878016072274912,-13395.82540425494,2.5424477343527374,1139.1491482,879.05585753,853.53404175,573.83291893,555.40519588,578.46002673
287,0.05878016072274912,-13395.861913710305,6.356119335881844e-06,1139.10710842,879.06100711,854.23148006,573.76627568,555.42026909,580.50411566
288,0.05878016072274912,-13395.78781182607,5.084895468705475,1139.19121138,879.05083173,852.83845099,573.89962106,555.39006966,576.41827285
289,0.05878016072274912,-13395.861913710305,6.356119335881844e-06,1139.10710842,879.06100711,854.23148006,573.76627568,555.42026909,580.50411566
290,0.05878016072274912,-13395.70938249389,10.16979093741095,1139.27509759,879.04066098,851.4526223,574.03344922,555.3598057,572.34202191
291,0.05878016072274912,-13395.861913710305,6.356119335881844e-06,1139.10710842,879.06100711,854.23148006,573.76627568,555.42026909,580.50411566
292,0.05878016072274912,-13395.53957497691,20.3395818748219,1139.44208889,879.02043125,848.70261401,574.30258521,555.2988219,564.21848936
293,0.05878016072274912,-13395.861913710305,6.356119335881844e-06,1139.10710842,879.06100711,854.23148006,573.76627568,555.42026909,580.50411566
294,0.05878016072274912,-13395.148394130805,40.6791637496438,1139.77255975,878.98038791,843.28674008,574.8467703,555.1755973,548.08777301
295,0.05878016072274912,-13395.861913710305,6.356119335881844e-06,1139.10710842,879.06100711,854.23148006,573.76627568,555.42026909,580.50411566
296,0.05878016072274912,-13394.161564074533,81.3583274992876,1140.42066445,878.90183919,832.78015031,575.95902414,554.92377772,516.29499751
297,0.05878016072274912,-13395.176676473031,39.31969697117056,1139.75068217,878.98301356,843.64528887,574.8100945,555.18389807,549.16101697
298,0.05878016072274912,-13395.036440886914,45.923115176168935,1139.85716066,878.97018199,841.9083854,574.98831824,555.14353671,543.95419631
299,0.05878016072274912,-13395.040243802796,45.74840579056867,1139.85427473,878.97041264,841.95418168,574.9836358,555.14464789,544.0917344
300,0.05878016072274912,-13395.040151218014,45.75266196594494,1139.8543716,878.97048116,841.95308879,574.98372661,555.14458501,544.08832289
301,0.05878016072274912,-13395.040101453793,45.75494959904424,1139.85441005,878.97041852,841.95244279,574.98381436,555.14458406,544.08651539
302,0.07017038286703829,-13395.861913800112,8.190273767641985e-09,1139.1069736,879.06101303,854.2314981,573.76633113,555.42029324,580.5041337
303,0.07017038286703829,-13395.861902378529,0.0008190273767641986,1139.10707986,879.06099388,854.23119644,573.7662937,555.42028372,580.50337545
304,0.07017038286703829,-13395.861913800112,8.190273767641985e-09,1139.1069736,879.06101303,854.2314981,573.76633113,555.42029324,580.5041337
305,0.07017038286703829,-13395.86189095673,0.0016380547535283971,1139.10706981,879.06098576,854.23086468,573.7663512,555.42028601,580.50270662
306,0.07017038286703829,-13395.861913800112,8.190273767641985e-09,1139.1069736,879.06101303,854.2314981,573.76633113,555.42029324,580.5041337
307,0.07017038286703829,-13395.861868112825,0.0032761095070567943,1139.10704113,879.06101164,854.23025667,573.76636147,555.42024575,580.501214
308,0.07017038286703829,-13395.861913800112,8.190273767641985e-09,1139.1069736,879.06101303,854.2314981,573.76633113,555.42029324,580.5041337
309,0.07017038286703829,-13395.861822423787,0.0065522190141135885,1139.10718219,879.06099968,854.22905997,573.76639055,555.42022574,580.49839216
310,0.07017038286703829,-13395.861913800112,8.190273767641985e-09,1139.1069736,879.06101303,854.2314981,573.76633113,555.42029324,580.5041337
311,0.07017038286703829,-13395.861731040812,0.013104438028227177,1139.10729583,879.06100655,854.22679666,573.7666053,555.42021081,580.49267897
312,0.07017038286703829,-13395.861913800112,8.190273767641985e-09,1139.1069736,879.06101303,854.2314981,573.76633113,555.42029324,580.5041337
313,0.07017038286703829,-13395.861548255249,0.026208876056454354,1139.10758439,879.06090901,854.22208547,573.76690974,555.42009751,580.48113517
314,0.07017038286703829,-13395.861913800112,8.190273767641985e-09,1139.1069736,879.06101303,854.2314981,573.76633113,555.42029324,580.5041337
315,0.07017038286703829,-13395.861182605675,0.05241775211290871,1139.1081239,879.06089363,854.21268649,573.76747845,555.42001371,580.45805974
316,0.07017038286703829,-13395.861913800112,8.190273767641985e-09,1139.1069736,879.06101303,854.2314981,573.76633113,555.42029324,580.5041337
317,0.07017038286703829,-13395.860450992746,0.10483550422581742,1139.10927925,879.06075744,854.19384545,573.76862333,555.41980875,580.4119774
318,0.07017038286703829,-13395.861913800112,8.190273767641985e-09,1139.1069736,879.06101303,854.2314981,573.76633113,555.42029324,580.5041337
319,0.07017038286703829,-13395.858986511805,0.20967100845163483,1139.11142988,879.06051038,854.15625545,573.77097354,555.41925363,580.31976543
320,0.07017038286703829,-13395.861913800112,8.190273767641985e-09,1139.1069736,879.06101303,854.2314981,573.76633113,555.42029324,580.5041337
321,0.07017038286703829,-13395.856052529949,0.41934201690326967,1139.11592787,879.05994634,854.08106152,573.77560043,555.41818072,580.13550736
322,0.07017038286703829,-13395.861913800112,8.190273767641985e-09,1139.1069736,879.06101303,854.2314981,573.76633113,555.42029324,580.5041337
323,0.07017038286703829,-13395.85016448915,0.8386840338065393,1139.12479148,879.05881916,853.93079854,573.78500522,555.41604826,579.76689554
324,0.07017038286703829,-13395.861913800112,8.190273767641985e-09,1139.1069736,879.06101303,854.2314981,573.76633113,555.42029324,580.5041337
325,0.07017038286703829,-13395.838308121762,1.6773680676130787,1139.14248373,879.05668464,853.63035574,573.80365589,555.41185299,579.02965035
326,0.07017038286703829,-13395.861913800112,8.190273767641985e-09,1139.1069736,879.06101303,854.2314981,573.76633113,555.42029324,580.5041337
327,0.07017038286703829,-13395.814274424,3.3547361352261573,1139.1779309,879.05241431,853.03034515,573.84117676,555.40335569,577.55581264
328,0.07017038286703829,-13395.861913800112,8.190273767641985e-09,1139.1069736,879.06101303,854.2314981,573.76633113,555.42029324,580.5041337
329,0.07017038286703829,-13395.764924614288,6.709472270452315,1139.24874862,879.04386053,851.83337774,573.91619508,555.38631043,574.60985621
330,0.07017038286703829,-13395.861913800112,8.190273767641985e-09,1139.1069736,879.06101303,854.2314981,573.76633113,555.42029324,580.5041337
331,0.07017038286703829,-13395.661106785632,13.41894454090463,1139.39002358,879.02668844,849.45170101,574.06684346,555.35213622,568.72470893
332,0.07017038286703829,-13395.861913800112,8.190273767641985e-09,1139.1069736,879.06101303,854.2314981,573.76633113,555.42029324,580.5041337
333,0.07017038286703829,-13395.433088996346,26.83788908180926,1139.67077374,878.99269628,844.73689625,574.3704978,555.28344719,556.98180241
334,0.07017038286703829,-13395.861913800112,8.190273767641985e-09,1139.1069736,879.06101303,854.2314981,573.76633113,555.42029324,580.5041337
335,0.07017038286703829,-13394.896236676293,53.67577816361852,1140.2261661,878.92543697,835.4974936,574.98672907,555.14391413,533.60696462
336,0.07017038286703829,-13395.067455655982,45.676495464804,1140.0614871,878.94536228,838.22526397,574.80178192,555.18578393,540.55848126
337,0.07017038286703829,-13395.04078660725,46.95214857162206,1140.08769503,878.94223565,837.7888298,574.83115971,555.17915168,539.44907178
338,0.07017038286703829,-13395.040151133471,46.982404826663426,1140.08842897,878.94215081,837.77848189,574.83178803,555.17894639,539.42279173
339,0.07017038286703829,-13395.040200477035,46.98005570642109,1140.08828689,878.94206598,837.77924525,574.83176234,555.17899597,539.42482672
340,0.0837677640068292,-13395.86191364802,1.2317329070843282e-05,1139.10709401,879.06101804,854.23147035,573.76629324,555.42026428,580.50413875
341,0.0837677640068292,-13395.846590304705,1.2317329070843281,1139.13872946,879.05717388,853.67861222,573.78363403,555.41634215,579.34020071
342,0.0837677640068292,-13395.86191364802,1.2317329070843282e-05,1139.10709401,879.06101804,854.23147035,573.76629324,555.42026428,580.50413875
343,0.0837677640068292,-13395.831061422185,2.4634658141686563,1139.17029939,879.05337029,853.12651687,573.80085781,555.41248484,578.17640595
344,0.0837677640068292,-13395.86191364802,1.2317329070843282e-05,1139.10709401,879.06101804,854.23147035,573.76629324,555.42026428,580.50413875
345,0.0837677640068292,-13395.799388267542,4.926931628337313,1139.23352058,879.04571864,852.02417781,573.83544308,555.40468594,575.84900074
346,0.0837677640068292,-13395.86191364802,1.2317329070843282e-05,1139.10709401,879.06101804,854.23147035,573.76629324,555.42026428,580.50413875
347,0.0837677640068292,-13395.733585786387,9.853863256674625,1139.35971966,879.03042201,849.82731889,573.90485535,555.38888631,571.19521764
348,0.0837677640068292,-13395.86191364802,1.2317329070843282e-05,1139.10709401,879.06101804,854.23147035,573.76629324,555.42026428,580.50413875
349,0.0837677640068292,-13395.592199028335,19.70772651334925,1139.61147233,878.9998977,845.46444615,574.04408989,555.35736416,561.89199244
350,0.0837677640068292,-13395.86191364802,1.2317329070843282e-05,1139.10709401,879.06101804,854.23147035,573.76629324,555.42026428,580.50413875
351,0.0837677640068292,-13395.27063825043,39.4154530266985,1140.11191812,878.93922143,836.86051477,574.32457182,555.29386181,543.30317136
352,0.0837677640068292,-13395.86191364802,1.2317329070843282e-05,1139.10709401,879.06101804,854.23147035,573.76629324,555.42026428,580.50413875
353,0.0837677640068292,-13394.475035495992,78.830906053397,1141.10066632,878.81946153,820.1252749,574.89447042,555.16479217,506.19595393
354,0.0837677640068292,-13395.13863531275,46.70943158232827,1140.29611817,878.91690417,833.71666711,574.42921085,555.27015354,536.42930518
355,0.0837677640068292,-13395.048600085891,51.47654696187565,1140.41607884,878.90237979,831.6736029,574.49775026,555.25463136,531.9383171
356,0.0837677640068292,-13395.04013758403,51.91669714492903,1140.42719679,878.9010997,831.48539718,574.50409221,555.2531557,531.52382221
357,0.0837677640068292,-13395.040187566572,51.914101310070784,1140.4271844,878.90106502,831.4864877,574.50406815,555.25320982,531.52623228
358,0.1,-13395.861905749785,0.0008648603511198903,1139.10705765,879.06096655,854.23097202,573.76634225,555.42032506,580.50332704
359,0.1,-13394.588694229224,86.48603511198903,1141.6565537,878.75213758,808.95322299,573.76632154,555.42031586,494.01805294
360,0.1,-13395.145907550588,55.82051880530395,1140.75794316,878.86102586,824.63865124,573.76635549,555.42022677,524.6836334
361,0.1,-13395.048951423167,61.64109314169734,1140.92892506,878.84023594,821.63097432,573.76626108,555.42033528,518.86306175
362,0.1,-13395.040126291806,62.158826412572516,1140.94411063,878.83843428,821.36405873,573.76625436,555.42031482,518.34530053
363,0.1,-13395.040179366692,62.155718471250886,1140.94404726,878.83847,821.3657132,573.76629402,555.42028714,518.34840212
364,0.1193776641714437,-13395.861909340812,0.0008648553906724346,1139.10707327,879.06102791,854.23089362,573.76625467,555.42031557,580.50324673
365,0.1193776641714437,-13394.888154598608,86.48553906724347,1141.94257855,878.71749741,800.8085305,572.00930202,555.81846273,490.66466856
366,0.1193776641714437,-13395.108875472213,72.98620271257329,1141.49996717,878.77105025,808.94529519,572.27559323,555.75807836,504.65332879
367,0.1193776641714437,-13395.042839657923,77.18963008976924,1141.63769614,878.75443212,806.40378952,572.19244798,555.77690788,500.29619978
368,0.1193776641714437,-13395.040145315597,77.35790393967858,1141.6432752,878.75368227,806.30219016,572.18907639,555.77764544,500.1218011
369,0.1193776641714437,-13395.040207290836,77.3540360444806,1141.64309319,878.75371607,806.3044654,572.18914635,555.77765564,500.12584146
370,0.14251026703029984,-13395.861913253819,0.0008648643259694201,1139.10709448,879.06102031,854.23089308,573.7662533,555.42030257,580.50323998
371,0.14251026703029984,-13395.089055382965,86.48643259694201,1142.08506431,878.70026486,792.78793666,569.76655731,556.32711929,489.19719431
372,0.14251026703029984,-13395.861913253819,0.0008648643259694201,1139.10709448,879.06102031,854.23089308,573.7662533,555.42030257,580.50323998
373,0.14251026703029984,-13392.94248611648,172.97286519388402,1145.11149049,878.33390685,733.90345763,566.32376641,557.10890209,399.79405984
374,0.14251026703029984,-13395.601223962854,48.689121240685964,1140.77743977,878.8586519,819.32170069,571.43780185,555.94799766,528.84788143
375,0.14251026703029984,-13394.730949027284,105.54286083847408,1142.74790828,878.61996574,779.59604318,568.96477856,556.50903424,469.3454417
376,0.14251026703029984,-13395.10843057448,85.34314905549243,1142.04540555,878.70502875,793.58327828,569.81550556,556.31593505,490.39100353
377,0.14251026703029984,-13395.045669350995,88.99689745286595,1142.17223639,878.68964964,791.04301583,569.65946476,556.35138127,486.57672979
378,0.14251026703029984,-13395.040141723674,89.31202431540204,1142.18321797,878.68831166,790.82412048,569.64601174,556.35447351,486.24794778
379,0.14251026703029984,-13395.040220181616,89.30755871418528,1142.18300698,878.68839463,790.82727734,569.64617638,556.35440919,486.25252665
380,0.17012542798525893,-13395.861916707305,0.0008648128169144583,1139.10703182,879.06098684,854.23069339,573.76623019,555.4203331,580.50322557
381,0.17012542798525893,-13395.094317781124,86.48128169144583,1142.00321253,878.71015839,785.20302608,567.09707937,556.93313466,489.6829611
382,0.17012542798525893,-13395.861916707305,0.0008648128169144583,1139.10703182,879.06098684,854.23069339,573.76623019,555.4203331,580.50322557
383,0.17012542798525893,-13392.4131906629,172.96256338289166,1144.9821313,878.34945289,718.02106395,561.81819514,558.13386421,402.65646962
384,0.17012542798525893,-13395.75322132109,41.21415618775118,1140.4769768,878.89499441,821.10440512,570.37789742,556.18840899,536.67988068
385,0.17012542798525893,-13394.618895647149,107.08835978532142,1142.7054931,878.625117,769.02724529,565.73256135,557.24327528,468.63894037
386,0.17012542798525893,-13395.171389126182,82.62439345402626,1141.87225921,878.72600418,788.2422235,567.36083949,556.87326597,493.64484656
387,0.17012542798525893,-13395.053822010066,88.43534783949012,1142.06952951,878.70207574,783.66460285,566.96443592,556.96334934,487.67840204
388,0.17012542798525893,-13395.04009583912,89.08726782976272,1142.09177249,878.69940416,783.15158953,566.92038313,556.97331398,487.01023189
389,0.17012542798525893,-13395.04018999166,89.08281346637024,1142.09160932,878.69941983,783.15508473,566.92065673,556.97331499,487.01477059
390,0.20309176209047358,-13395.861918993854,0.0008648673587650715,1139.10702507,879.0610261,854.23070541,573.76616964,555.42033763,580.50322162
391,0.20309176209047358,-13394.843864720644,86.48673587650715,1141.60242345,878.75869061,778.37619934,564.04525968,557.62698193,491.95743752
392,0.20309176209047358,-13395.261667711293,69.81129069883244,1141.1150683,878.81771578,792.92216542,565.67461616,557.25647252,508.51995053
393,0.20309176209047358,-13395.052283818015,78.65227534378272,1141.37302506,878.7864938,785.20535453,564.79858983,557.45563878,499.71204506
394,0.20309176209047358,-13395.040740529752,79.10812188800718,1141.38639345,878.78480702,784.80780555,564.75412943,557.46573758,499.2594542
395,0.20309176209047358,-13395.040156888643,79.1310940825549,1141.38713814,878.78476847,784.78780062,564.75193233,557.46621998,499.23677768
396,0.20309176209047358,-13395.040257423654,79.12713752784977,1141.38700355,878.78480745,784.79119542,564.75225615,557.46612913,499.24068396
397,0.24244620170823283,-13395.861919658924,0.000864875025995617,1139.10705997,879.06098067,854.23062995,573.7661202,555.42034192,580.5032505
398,0.24244620170823283,-13394.325255652482,86.4875025995617,1140.78189244,878.85815866,772.66884732,560.6195659,558.40681418,495.74168106
399,0.24244620170823283,-13395.530180062531,46.25133478376165,1139.99762701,878.95314762,810.57173637,566.05269668,557.17046802,534.05708793
400,0.24244620170823283,-13395.133518414425,62.614704552513174,1140.3155108,878.91461242,795.14829558,563.72368734,557.70010846,518.26829705
401,0.24244620170823283,-13395.037073019099,65.93106298192606,1140.38007914,878.90676865,792.02396334,563.27270063,557.80271707,515.104262
402,0.24244620170823283,-13395.040239065129,65.82499497056939,1140.37800308,878.90700571,792.12391544,563.28700774,557.79947749,515.20526058
403,0.24244620170823283,-13395.040140904432,65.82828622031892,1140.37808467,878.9070343,792.1207785,563.28655183,557.79956543,515.20208315
404,0.28942661247167517,-13395.86191859082,0.0008648658614717415,1139.1070652,879.06102126,854.23062771,573.76609089,555.4203517,580.50328296
405,0.28942661247167517,-13393.566862868043,86.48658614717415,1139.4473379,879.019752,768.40755025,556.79262,559.27951739,500.67252822
406,0.28942661247167517,-13395.638456821358,30.96772923714095,1139.22863544,879.04628951,823.49985905,566.71148372,557.02081461,550.66112859
407,0.28942661247167517,-13394.62539264944,64.22015299182621,1139.35955156,879.03036868,790.50242142,560.43320817,558.44931739,520.25688161
408,0.28942661247167517,-13395.127709240744,50.606102945274216,1139.3059753,879.0368848,804.01184264,562.86781424,557.89482884,532.52379193
409,0.28942661247167517,-13395.04854021803,52.9790011900014,1139.3153009,879.03574708,801.65718209,562.43089983,557.99435191,530.3685129
410,0.28942661247167517,-13395.040133584867,53.22478581591788,1139.31627167,879.03563122,801.41327013,562.38596247,558.00455729,530.14565455
411,0.28942661247167517,-13395.040224814311,53.222124576626086,1139.31629996,879.03559951,801.41591044,562.38641709,558.00446062,530.1480564
412,0.345510729459222,-13395.861916027621,0.0008648711305169875,1139.10706715,879.06101196,854.23054748,573.76597857,555.42039555,580.50336331
413,0.345510729459222,-13392.627879625195,86.48711305169876,1137.5196883,879.25337655,765.8453656,552.52767919,560.25374259,506.38876921
414,0.345510729459222,-13395.662147162013,21.97684269996738,1138.70001333,879.11029452,831.75692593,567.23541438,556.90175533,560.5232476
415,0.345510729459222,-13394.504210970606,55.181512777288646,1138.08977142,879.18429141,797.82003759,558.99400615,558.77727563,531.93542037
416,0.345510729459222,-13395.157041043922,39.81295229832868,1138.37156088,879.15012759,813.5245652,562.60125295,557.95556944,544.95329438
417,0.345510729459222,-13395.05431007963,42.56464106489711,1138.32096131,879.15620439,810.71239286,561.93113074,558.108046,542.59683126
418,0.345510729459222,-13395.040086736815,42.932753516195866,1138.31419658,879.15707548,810.33620606,561.8423174,558.1282932,542.2825243
419,0.345510729459222,-13395.040170006245,42.93060687851906,1138.3142667,879.15704801,810.33833272,561.84289256,558.12816311,542.28432487
420,0.41246263829013524,-13395.861912508455,0.0008648707343611416,1139.10697521,879.06105108,854.23050561,573.76597268,555.42035991,580.50345726
421,0.41246263829013524,-13391.591921734662,86.48707343611416,1134.93918974,879.56539365,765.11765521,547.80521643,561.33396554,512.57406748
422,0.41246263829013524,-13395.657244951639,16.64518179977689,1138.28503057,879.16046774,837.02035931,567.55557786,556.82885735,566.46812062
423,0.41246263829013524,-13394.52301493877,45.84689063427628,1136.86610538,879.33212782,806.89616993,558.27518084,558.94083557,543.07630501
424,0.41246263829013524,-13395.15315947,32.53279899274544,1137.50936657,879.25431113,820.61986116,562.28497178,558.027286,553.56532318
425,0.41246263829013524,-13395.05350147354,34.92052370630466,1137.39360495,879.26827153,818.15731873,561.54054114,558.19676418,551.66371691
426,0.41246263829013524,-13395.040090724171,35.231303658070765,1137.37855948,879.27012282,817.83687463,561.44448454,558.21861473,551.41680917
427,0.41246263829013524,-13395.040167022611,35.22954209288686,1137.37868982,879.27013045,817.838733,561.44505773,558.21849833,551.41825325
428,0.49238826317067413,-13395.861908768777,0.0008648362951965427,1139.10691846,879.06103563,854.23057175,573.7658854,555.42033242,580.50349099
429,0.49238826317067413,-13390.561566129765,86.48362951965427,1131.67572745,879.9564028,766.21105042,542.63026054,562.51674546,518.96820979
430,0.49238826317067413,-13395.647578765043,13.409101720696071,1137.90504541,879.20579651,840.47107842,567.68121446,556.7996911,570.18714096
431,0.49238826317067413,-13394.587501584825,38.408926298720615,1135.7143704,879.46969244,814.92952212,557.80533224,559.04610038,551.81764943
432,0.49238826317067413,-13395.138244235864,27.734184491369927,1136.64183943,879.35795081,825.81776794,561.81573624,558.13274984,559.53513344
433,0.49238826317067413,-13395.0504380581,29.63555372656396,1136.47583082,879.37792858,823.8765413,561.08043286,558.30007267,558.14735495
434,0.49238826317067413,-13395.040111967894,29.852882683390195,1136.45684577,879.380235,823.65456897,560.99698128,558.31906173,557.98907583
435,0.49238826317067413,-13395.040183090561,29.851390039255026,1136.45696121,879.38021938,823.65614395,560.9975389,558.31893547,557.99014248
436,0.5878016072274915,-13395.86191379352,7.048085623160059e-07,1139.10706503,879.06099421,854.23143436,573.76622943,555.42029469,580.50421015
437,0.5878016072274915,-13395.861239004525,0.0704808562316006,1139.09714559,879.06220006,854.16075903,573.72678052,555.4292183,580.4546854
438,0.5878016072274915,-13395.86191379352,7.048085623160059e-07,1139.10706503,879.06099421,854.23143436,573.76622943,555.42029469,580.50421015
439,0.5878016072274915,-13395.860555499286,0.1409617124632012,1139.08717416,879.06338115,854.09021245,573.68726941,555.43816708,580.40519672
440,0.5878016072274915,-13395.86191379352,7.048085623160059e-07,1139.10706503,879.06099421,854.23143436,573.76622943,555.42029469,580.50421015
441,0.5878016072274915,-13395.859162379824,0.2819234249264024,1139.06732163,879.06574966,853.94894547,573.60827403,555.4560122,580.30645851
442,0.5878016072274915,-13395.86191379352,7.048085623160059e-07,1139.10706503,879.06099421,854.23143436,573.76622943,555.42029469,580.50421015
443,0.5878016072274915,-13395.856271841998,0.5638468498528048,1139.02765827,879.07050265,853.66640365,573.45064829,555.49166239,580.10881499
444,0.5878016072274915,-13395.86191379352,7.048085623160059e-07,1139.10706503,879.06099421,854.23143436,573.76622943,555.42029469,580.50421015
445,0.5878016072274915,-13395.850074663262,1.1276936997056095,1138.94825528,879.07979754,853.10156737,573.13628917,555.56270629,579.71408362
446,0.5878016072274915,-13395.86191379352,7.048085623160059e-07,1139.10706503,879.06099421,854.23143436,573.76622943,555.42029469,580.50421015
447,0.5878016072274915,-13395.836024568962,2.255387399411219,1138.78985622,879.0987028,851.97205781,572.51182267,555.70388931,578.92638265
448,0.5878016072274915,-13395.86191379352,7.048085623160059e-07,1139.10706503,879.06099421,854.23143436,573.76622943,555.42029469,580.50421015
449,0.5878016072274915,-13395.801369823794,4.510774798822438,1138.47383038,879.1362812,849.71461096,571.27922213,555.98268596,577.3580815
450,0.5878016072274915,-13395.86191379352,7.048085623160059e-07,1139.10706503,879.06099421,854.23143436,573.76622943,555.42029469,580.50421015
451,0.5878016072274915,-13395.706373544654,9.021549597644876,1137.84541288,879.21106925,845.20589642,568.87691266,556.52647806,574.24883367
452,0.5878016072274915,-13395.86191379352,7.048085623160059e-07,1139.10706503,879.06099421,854.23143436,573.76622943,555.42029469,580.50421015
453,0.5878016072274915,-13395.417649969842,18.043099195289752,1136.60281345,879.35892134,836.21196259,564.30628631,557.56256569,568.13492352
454,0.5878016072274915,-13395.86191379352,7.048085623160059e-07,1139.10706503,879.06099421,854.23143436,573.76622943,555.42029469,580.50421015
455,0.5878016072274915,-13394.474082671084,36.086198390579504,1134.17245986,879.64795325,818.31736213,555.98213537,559.45432081,556.28652954
456,0.5878016072274915,-13395.279423849344,21.367349891960274,1136.14955367,879.41278824,832.90588726,562.69504951,557.92820033,565.91529707
457,0.5878016072274915,-13395.072500925442,25.740417820227954,1135.55714309,879.48326127,828.56297183,560.63113222,558.39694322,563.02149735
458,0.5878016072274915,-13395.039806628216,26.38170446108688,1135.47063978,879.49358008,827.92671869,560.33370106,558.4645308,562.59957241
459,0.5878016072274915,-13395.040154723025,26.374937552960528,1135.4715544,879.49340851,827.93340722,560.33672417,558.46389846,562.60402258
460,0.5878016072274915,-13395.040086890887,26.376256299839177,1135.47140024,879.49346533,827.93219247,560.33617758,558.46399789,562.60312597
461,0.701703828670383,-13395.861913800192,2.8409797096269932e-09,1139.10705627,879.06102466,854.23150927,573.76626197,555.42024421,580.50413833
462,0.701703828670383,-13395.861910425545,0.0002840979709626993,1139.10697496,879.06104896,854.2311958,573.76608582,555.4203292,580.50399112
463,0.701703828670383,-13395.861913800192,2.8409797096269932e-09,1139.10705627,879.06102466,854.23150927,573.76626197,555.42024421,580.50413833
464,0.701703828670383,-13395.861907050708,0.0005681959419253986,1139.10691265,879.06099025,854.23085107,573.76587813,555.42038326,580.50381406
465,0.701703828670383,-13395.861913800192,2.8409797096269932e-09,1139.10705627,879.06102466,854.23150927,573.76626197,555.42024421,580.50413833
466,0.701703828670383,-13395.861900300579,0.0011363918838507973,1139.10682235,879.06108354,854.23032115,573.76554341,555.42043069,580.50344862
467,0.701703828670383,-13395.861913800192,2.8409797096269932e-09,1139.10705627,879.06102466,854.23150927,573.76626197,555.42024421,580.50413833
468,0.701703828670383,-13395.861886798495,0.0022727837677015946,1139.10661908,879.06109815,854.22926344,573.76481686,555.42059708,580.50275143
469,0.701703828670383,-13395.861913800192,2.8409797096269932e-09,1139.10705627,879.06102466,854.23150927,573.76626197,555.42024421,580.50413833
470,0.701703828670383,-13395.861859786983,0.004545567535403189,1139.10614503,879.06109436,854.22710465,573.76337429,555.42089696,580.50137184
471,0.701703828670383,-13395.861913800192,2.8409797096269932e-09,1139.10705627,879.06102466,854.23150927,573.76626197,555.42024421,580.50413833
472,0.701703828670383,-13395.861805734645,0.009091135070806378,1139.10516873,879.06120505,854.22272349,573.76049989,555.42161962,580.49849306
473,0.701703828670383,-13395.861913800192,2.8409797096269932e-09,1139.10705627,879.06102466,854.23150927,573.76626197,555.42024421,580.50413833
474,0.701703828670383,-13395.86169751269,0.018182270141612757,1139.10340592,879.06142516,854.21404141,573.75463458,555.42291885,580.4928588
475,0.701703828670383,-13395.861913800192,2.8409797096269932e-09,1139.10705627,879.06102466,854.23150927,573.76626197,555.42024421,580.50413833
476,0.701703828670383,-13395.861480599693,0.03636454028322551,1139.09972605,879.06183552,854.19650865,573.74292965,555.42555573,580.48154556
477,0.701703828670383,-13395.861913800192,2.8409797096269932e-09,1139.10705627,879.06102466,854.23150927,573.76626197,555.42024421,580.50413833
478,0.701703828670383,-13395.861044897663,0.07272908056645103,1139.09244279,879.0626738,854.16162185,573.71948331,555.43082778,580.45907023
479,0.701703828670383,-13395.861913800192,2.8409797096269932e-09,1139.10705627,879.06102466,854.23150927,573.76626197,555.42024421,580.50413833
480,0.701703828670383,-13395.860165991791,0.14545816113290205,1139.07786061,879.06438259,854.09183095,573.67260971,555.4413113,580.41398887
481,0.701703828670383,-13395.861913800192,2.8409797096269932e-09,1139.10705627,879.06102466,854.23150927,573.76626197,555.42024421,580.50413833
482,0.701703828670383,-13395.858378191651,0.2909163222658041,1139.04868994,879.06768888,853.95220677,573.57907141,555.46239417,580.32387511
483,0.701703828670383,-13395.861913800192,2.8409797096269932e-09,1139.10705627,879.06102466,854.23150927,573.76626197,555.42024421,580.50413833
484,0.701703828670383,-13395.854682788082,0.5818326445316082,1138.99050921,879.0745257,853.67306652,573.39229239,555.50445836,580.14372578
485,0.701703828670383,-13395.861913800192,2.8409797096269932e-09,1139.10705627,879.06102466,854.23150927,573.76626197,555.42024421,580.50413833
486,0.701703828670383,-13395.846813966,1.1636652890632164,1138.87405279,879.08793728,853.11475818,573.01992309,555.58824186,579.78390941
487,0.701703828670383,-13395.861913800192,2.8409797096269932e-09,1139.10705627,879.06102466,854.23150927,573.76626197,555.42024421,580.50413833
488,0.701703828670383,-13395.829173779606,2.327330578126433,1138.64159705,879.11480999,851.99891199,572.2798538,555.75477759,579.06566006
489,0.701703828670383,-13395.861913800192,2.8409797096269932e-09,1139.10705627,879.06102466,854.23150927,573.76626197,555.42024421,580.50413833
490,0.701703828670383,-13395.786358307156,4.654661156252866,1138.17856515,879.16821856,849.76917577,570.81884606,556.08367932,577.63564949
491,0.701703828670383,-13395.861913800192,2.8409797096269932e-09,1139.10705627,879.06102466,854.23150927,573.76626197,555.42024421,580.50413833
492,0.701703828670383,-13395.671170913407,9.309322312505731,1137.25939007,879.27444566,845.31863608,567.96954513,556.72561268,574.80022436
493,0.701703828670383,-13395.861913800192,2.8409797096269932e-09,1139.10705627,879.06102466,854.23150927,573.76626197,555.42024421,580.50413833
494,0.701703828670383,-13395.326992391932,18.618644625011463,1135.44806089,879.48347922,836.4514537,562.54295705,557.94982068,569.22282663
495,0.701703828670383,-13395.861913800192,2.8409797096269932e-09,1139.10705627,879.06102466,854.23150927,573.76626197,555.42024421,580.50413833
496,0.701703828670383,-13394.21525956241,37.237289250022926,1131.92968159,879.88920966,818.8502239,552.64192984,560.18927919,558.40916617
497,0.701703828670383,-13395.328579099816,18.583253762768365,1135.4549017,879.48274359,836.48507938,562.56285548,557.94534814,569.2438267
498,0.701703828670383,-13395.001043961587,25.114423297138863,1134.20503457,879.62689316,830.2907976,558.95348824,558.76088912,565.40071364
499,0.701703828670383,-13395.043776251881,24.33460108740149,1134.35343104,879.60987862,831.0292438,559.37633577,558.66533921,565.85660831
500,0.701703828670383,-13395.040189353967,24.40074585314441,1134.34081428,879.61125964,830.96659014,559.34037392,558.67344806,565.81791967
501,0.701703828670383,-13395.04012312811,24.401965890438067,1134.34055959,879.61126139,830.96546327,559.33975426,558.67352156,565.81716547
502,0.837677640068292,-13395.861913800154,5.738825009134903e-09,1139.10702686,879.0610244,854.23148724,573.76627576,555.42032518,580.50416746
503,0.837677640068292,-13395.861906592681,0.0005738825009134902,1139.10690819,879.06099695,854.23089866,573.76592443,555.42039967,580.50379189
504,0.837677640068292,-13395.861913800154,5.738825009134903e-09,1139.10702686,879.0610244,854.23148724,573.76627576,555.42032518,580.50416746
505,0.837677640068292,-13395.861899384487,0.0011477650018269804,1139.10671756,879.06101733,854.2303973,573.76547638,555.42048227,580.50346997
506,0.837677640068292,-13395.861913800154,5.738825009134903e-09,1139.10702686,879.0610244,854.23148724,573.76627576,555.42032518,580.50416746
507,0.837677640068292,-13395.86188496614,0.002295530003653961,1139.10642874,879.06107043,854.22934988,573.76462817,555.42061141,580.50289898
508,0.837677640068292,-13395.861913800154,5.738825009134903e-09,1139.10702686,879.0610244,854.23148724,573.76627576,555.42032518,580.50416746
509,0.837677640068292,-13395.861856121628,0.004591060007307922,1139.10581381,879.06114723,854.22732533,573.76300403,555.42100272,580.50169788
510,0.837677640068292,-13395.861913800154,5.738825009134903e-09,1139.10702686,879.0610244,854.23148724,573.76627576,555.42032518,580.50416746
511,0.837677640068292,-13395.861798401324,0.009182120014615843,1139.10449627,879.06128023,854.22317642,573.7595921,555.42176453,580.49922656
512,0.837677640068292,-13395.861913800154,5.738825009134903e-09,1139.10702686,879.0610244,854.23148724,573.76627576,555.42032518,580.50416746
513,0.837677640068292,-13395.861682835623,0.018364240029231687,1139.10213271,879.06153778,854.21485446,573.7530643,555.42326239,580.49422147
514,0.837677640068292,-13395.861913800154,5.738825009134903e-09,1139.10702686,879.0610244,854.23148724,573.76627576,555.42032518,580.50416746
515,0.837677640068292,-13395.861451203855,0.036728480058463374,1139.09724935,879.06211735,854.19828157,573.73973899,555.42620817,580.48434102
516,0.837677640068292,-13395.861913800154,5.738825009134903e-09,1139.10702686,879.0610244,854.23148724,573.76627576,555.42032518,580.50416746
517,0.837677640068292,-13395.860985939149,0.07345696011692675,1139.08739527,879.06312201,854.16508619,573.71308407,555.43211565,580.46444877
518,0.837677640068292,-13395.861913800154,5.738825009134903e-09,1139.10702686,879.0610244,854.23148724,573.76627576,555.42032518,580.50416746
519,0.837677640068292,-13395.860047407328,0.1469139202338535,1139.06784696,879.06528256,854.09866176,573.65989107,555.44395846,580.42478399
520,0.837677640068292,-13395.861913800154,5.738825009134903e-09,1139.10702686,879.0610244,854.23148724,573.76627576,555.42032518,580.50416746
521,0.837677640068292,-13395.858138352254,0.293827840467707,1139.02864874,879.06958748,853.96600556,573.55369219,555.46757095,580.345467
522,0.837677640068292,-13395.861913800154,5.738825009134903e-09,1139.10702686,879.0610244,854.23148724,573.76627576,555.42032518,580.50416746
523,0.837677640068292,-13395.854192421702,0.587655680935414,1138.95038117,879.07805866,853.70051938,573.34146784,555.51479742,580.18680844
524,0.837677640068292,-13395.861913800154,5.738825009134903e-09,1139.10702686,879.0610244,854.23148724,573.76627576,555.42032518,580.50416746
525,0.837677640068292,-13395.84579043789,1.175311361870828,1138.79388561,879.09509678,853.16985874,572.91833006,555.60889825,579.86997371
526,0.837677640068292,-13395.861913800154,5.738825009134903e-09,1139.10702686,879.0610244,854.23148724,573.76627576,555.42032518,580.50416746
527,0.837677640068292,-13395.826955191289,2.350622723741656,1138.4817913,879.12911191,852.10919491,572.07715251,555.79607632,579.23755035
528,0.837677640068292,-13395.861913800154,5.738825009134903e-09,1139.10702686,879.0610244,854.23148724,573.76627576,555.42032518,580.50416746
529,0.837677640068292,-13395.78123234257,4.701245447483312,1137.8602726,879.19677733,849.99042472,570.41470336,556.16614808,577.97763125
530,0.837677640068292,-13395.861913800154,5.738825009134903e-09,1139.10702686,879.0610244,854.23148724,573.76627576,555.42032518,580.50416746
531,0.837677640068292,-13395.658144777173,9.402490894966624,1136.62842853,879.33065897,845.76342146,567.16723924,556.88931655,575.47784396
532,0.837677640068292,-13395.861913800154,5.738825009134903e-09,1139.10702686,879.0610244,854.23148724,573.76627576,555.42032518,580.50416746
533,0.837677640068292,-13395.289722964466,18.804981789933247,1134.20817095,879.59338959,837.35087373,560.96230022,558.27272452,570.55456661
534,0.837677640068292,-13395.861913800154,5.738825009134903e-09,1139.10702686,879.0610244,854.23148724,573.76627576,555.42032518,580.50416746
535,0.837677640068292,-13394.095310776327,37.609963579866495,1129.53430135,880.09886204,820.68554866,549.57787624,560.81558462,560.98829411
536,0.837677640068292,-13395.350574880207,17.494841065469902,1134.54198343,879.55717512,838.51979499,561.80485945,558.08473981,571.2346522
537,0.837677640068292,-13394.9936037518,24.445601293302612,1132.7834023,879.74778184,832.32997578,557.41190737,559.06513517,567.64738879
538,0.837677640068292,-13395.04487598445,23.539241493408465,1133.01101072,879.72307203,833.13543252,557.9741746,558.93954452,568.11224407
539,0.837677640068292,-13395.040210331663,23.622752900568674,1132.99004923,879.72533005,833.06122416,557.92228553,558.95117479,568.06933694
540,0.837677640068292,-13395.040144257979,23.623934038214703,1132.98976119,879.72536177,833.06010328,557.92148113,558.95133034,568.06871114
541,1.0,-13395.861913796409,3.2941083780151075e-07,1139.1070098,879.06105221,854.23141894,573.76635073,555.4202317,580.50415673
542,1.0,-13395.861531030869,0.03294108378015107,1139.09600883,879.06212127,854.20386123,573.74002678,555.42604988,580.48886288
543,1.0,-13395.861913796409,3.2941083780151075e-07,1139.1070098,879.06105221,854.23141894,573.76635073,555.4202317,580.50415673
544,1.0,-13395.861146081039,0.06588216756030214,1139.08481246,879.06318423,854.1762762,573.71367178,555.43173601,580.47350689
545,1.0,-13395.861913796409,3.2941083780151075e-07,1139.1070098,879.06105221,854.23141894,573.76635073,555.4202317,580.50415673
546,1.0,-13395.860369641627,0.1317643351206043,1139.06270669,879.0653226,854.12117621,573.66121411,555.44316699,580.44290367
547,1.0,-13395.861913796409,3.2941083780151075e-07,1139.1070098,879.06105221,854.23141894,573.76635073,555.4202317,580.50415673
548,1.0,-13395.85879061547,0.2635286702412086,1139.01838353,879.06966397,854.01101985,573.55609386,555.46600977,580.38166721
549,1.0,-13395.861913796409,3.2941083780151075e-07,1139.1070098,879.06105221,854.23141894,573.76635073,555.4202317,580.50415673
550,1.0,-13395.855528067099,0.5270573404824171,1138.92988254,879.07833857,853.79056103,573.34622883,555.51173597,580.25914326
551,1.0,-13395.861913796409,3.2941083780151075e-07,1139.1070098,879.06105221,854.23141894,573.76635073,555.4202317,580.50415673
552,1.0,-13395.84858573044,1.0541146809648343,1138.752877,879.09563649,853.34972194,572.92742275,555.6028132,580.01457048
553,1.0,-13395.861913796409,3.2941083780151075e-07,1139.1070098,879.06105221,854.23141894,573.76635073,555.4202317,580.50415673
554,1.0,-13395.833038022734,2.1082293619296686,1138.39983241,879.1301376,852.46884335,572.09393056,555.78411078,579.52599625
555,1.0,-13395.861913796409,3.2941083780151075e-07,1139.1070098,879.06105221,854.23141894,573.76635073,555.4202317,580.50415673
556,1.0,-13395.795337410258,4.216458723859337,1137.69700093,879.19869259,850.7093943,570.44307396,556.14338158,578.55190408
557,1.0,-13395.861913796409,3.2941083780151075e-07,1139.1070098,879.06105221,854.23141894,573.76635073,555.4202317,580.50415673
558,1.0,-13395.693883690463,8.432917447718674,1136.30412398,879.3343999,847.19952113,567.20360532,556.84828419,576.61585537
559,1.0,-13395.861913796409,3.2941083780151075e-07,1139.1070098,879.06105221,854.23141894,573.76635073,555.4202317,580.50415673
560,1.0,-13395.389601840458,16.86583489543735,1133.56852049,879.59966147,840.21542455,560.96137176,558.20713602,572.79060672
561,1.0,-13395.861913796409,3.2941083780151075e-07,1139.1070098,879.06105221,854.23141894,573.76635073,555.4202317,580.50415673
562,1.0,-13394.39659668271,33.7316697908747,1128.28848395,880.10745046,826.38573153,549.33476833,560.7386169,565.31576889
563,1.0,-13395.295700348392,18.91700322695731,1132.91293843,879.66301199,838.52378796,559.48839898,558.52774314,571.86933234
564,1.0,-13395.079189518678,23.12771713809082,1131.57909816,879.79164895,835.05962774,556.51771782,559.17455275,569.98892365
565,1.0,-13395.039659890286,23.83620177154584,1131.35615586,879.81315589,834.47786913,556.02465555,559.28195495,569.67394388
566,1.0,-13395.040157118074,23.827387484884692,1131.35890019,879.81278533,834.48510515,556.03086519,559.28055748,569.67785622
567,1.0,-13395.040089919048,23.828578854259938,1131.35847011,879.81283122,834.48407742,556.0299792,559.28073542,569.67734334
568,1.1937766417144369,-13395.86190574238,0.000865050238206796,1139.10665414,879.06104809,854.23078944,573.76554946,555.42046261,580.50378196
569,1.1937766417144369,-13388.532501893993,86.5050238206796,1108.24249286,881.40915527,790.54385363,512.96711959,568.05376295,548.45445018
570,1.1937766417144369,-13395.679606014506,9.699584344591278,1135.23447857,879.37365084,846.86223903,565.61112832,557.12651638,576.70109796
571,1.1937766417144369,-13394.509084551224,33.27682919616487,1126.29180934,880.07723878,829.20433027,547.40341082,560.92616447,567.69757003
572,1.1937766417144369,-13395.163372939158,22.579962053547206,1130.26947334,879.76753237,837.17205501,555.3987226,559.25960424,571.74183871
573,1.1937766417144369,-13395.055428751197,24.594618542104016,1129.51042475,879.82699941,835.66599775,553.86060556,559.58051238,570.97507929
574,1.1937766417144369,-13395.040069955452,24.870820623473968,1129.40676242,879.83524055,835.45966706,553.65093459,559.62424158,570.87021023
575,1.1937766417144369,-13395.040144064067,24.86949369000391,1129.40726594,879.8351737,835.46070029,553.65194436,559.62399899,570.87067384
576,1.4251026703029992,-13395.861908381292,0.0008649408590371457,1139.10669944,879.06106386,854.23087367,573.76552243,555.42046159,580.50380249
577,1.4251026703029992,-13388.931472094864,86.49408590371456,1103.5419175,880.87355048,797.02900338,507.76920182,568.20570672,553.25447592
578,1.4251026703029992,-13395.698562588077,10.25661787004033,1134.36759871,879.33850095,847.22869345,564.60309532,557.22515983,577.12140372
579,1.4251026703029992,-13394.381608490461,37.06114268882646,1122.69782031,879.97784808,829.22243294,542.54556565,561.53636704,568.48589945
580,1.4251026703029992,-13395.19599299829,23.65764193599783,1128.40876948,879.67301823,838.17469467,553.25267901,559.4500565,572.7682217
581,1.4251026703029992,-13395.030798881065,26.829792913661365,1127.0352616,879.74779086,836.04686829,550.66268308,559.95590346,571.74836734
582,1.4251026703029992,-13395.040608492369,26.65029692146555,1127.11261112,879.74364413,836.16699395,550.80829709,559.92749538,571.80597612
583,1.4251026703029992,-13395.040147620542,26.658752617010283,1127.10904267,879.74384174,836.16141391,550.80144832,559.92880876,571.80329054
584,1.4251026703029992,-13395.040074958517,26.660085554642134,1127.10841903,879.74385735,836.16051643,550.80032516,559.9290747,571.80286239
585,1.7012542798525891,-13395.861911230291,0.0008650670594436272,1139.1065893,879.06103876,854.23095746,573.76546559,555.42044634,580.5039137
586,1.7012542798525891,-13389.524419962323,86.50670594436272,1099.20678979,879.91192563,803.42866871,503.38541231,567.8014526,557.58852345
587,1.7012542798525891,-13395.717530621088,11.217797731034342,1133.29466462,879.2475839,847.43904243,563.31413571,557.31184832,577.42782534
588,1.7012542798525891,-13394.219478028583,42.1926400423864,1118.30280863,879.63634221,829.01483565,536.66770484,562.05982575,569.1018517
589,1.7012542798525891,-13395.234377702332,25.223835883274006,1126.33134313,879.44540764,839.04948665,550.88137426,559.5413937,573.63305028
590,1.7012542798525891,-13395.024643568984,29.4515012224715,1124.29055204,879.49781108,836.53639577,547.25607465,560.1870353,572.4974288
591,1.7012542798525891,-13395.041143129276,29.138949584797846,1124.44047083,879.49405821,836.72192232,547.52209012,560.13970382,572.58127115
592,1.7012542798525891,-13395.040153702166,29.15777704146816,1124.43142837,879.49428876,836.71074324,547.50612163,560.1425834,572.57623104
593,1.7012542798525891,-13395.040077062755,29.159234930321237,1124.4307753,879.49423261,836.70982616,547.50487572,560.14275306,572.5758288
594,2.030917620904737,-13395.86191392908,0.0008650708983006124,1139.1065013,879.06103276,854.23103501,573.76549099,555.42039513,580.50396241
595,2.030917620904737,-13390.27001766232,86.50708983006125,1095.20928424,878.6298142,809.61240426,499.98536603,566.8989531,561.4633287
596,2.030917620904737,-13395.734161209191,12.713462887332055,1131.90027557,879.08718665,847.48870594,561.62434362,557.38767673,577.63799844
597,2.030917620904737,-13394.053429269326,48.387777211415084,1113.14893327,878.98591127,828.92110288,530.06758353,562.36827292,569.72250436
598,2.030917620904737,-13395.270312218401,27.44413148193198,1123.90593079,879.07520654,839.7602168,548.16175296,559.53749456,574.34709452
599,2.030917620904737,-13395.017056715133,32.86245171375847,1121.05654615,879.05996507,836.93963332,543.36608372,560.29464937,573.14457077
600,2.030917620904737,-13395.041959504535,32.36833702177154,1121.31441582,879.06155114,837.19632955,543.80002659,560.22636571,573.25406774
601,2.030917620904737,-13395.04016408177,32.40420246538033,1121.29569499,879.06146619,837.17771787,543.76851928,560.23125089,573.2460888
602,2.030917620904737,-13395.040082929183,32.405822675504595,1121.29494665,879.0614498,837.1768655,543.76709664,560.23146645,573.24576259
603,2.424462017082328,-13395.861916254084,0.000865074085175498,1139.10645521,879.06099657,854.23107494,573.76542313,555.42041631,580.50398191
604,2.424462017082328,-13391.1182363434,86.5074085175498,1091.42468483,877.21424202,815.4694251,497.66490694,565.64182705,564.88165131
605,2.424462017082328,-13395.74605399041,14.986654902198163,1129.97853733,878.84282549,847.35229261,559.32957132,557.46206909,577.75822743
606,2.424462017082328,-13393.945059216428,55.091554604319185,1107.42025264,878.03917428,829.28937944,523.35917468,562.35232546,570.4913494
607,2.424462017082328,-13395.29249209415,30.70576665875387,1120.827107,878.56409731,840.21396443,544.7831084,559.47575912,574.89581123
608,2.424462017082328,-13395.011541633581,37.1426427863569,1117.1979356,878.4360959,837.31290563,538.99611573,560.26362643,573.72897185
609,2.424462017082328,-13395.042641478254,36.48709698844016,1117.56454549,878.44950037,837.60780164,539.58103355,560.18438431,573.84764921
610,2.424462017082328,-13395.040174909293,36.5395245607271,1117.53519529,878.4483917,837.5842237,539.53420404,560.19067226,573.83814788
611,2.424462017082328,-13395.04008889045,36.541351536956135,1117.53406982,878.4483789,837.58341177,539.53257916,560.19091081,573.83782645
612,2.8942661247167516,-13395.861918103397,0.000865045399214567,1139.10637289,879.06104049,854.23115507,573.7654585,555.42038459,580.50400552
613,2.8942661247167516,-13392.014962441703,86.50453992145671,1087.73793229,875.87840841,820.93651616,496.51888163,564.20111424,567.85686705
614,2.8942661247167516,-13395.749670250743,18.479225371106438,1127.16463808,878.49306124,846.97765764,556.08162273,557.55243885,577.78398846
615,2.8942661247167516,-13393.972406884062,61.46782270983634,1101.48644742,876.92811174,830.40422342,517.47086498,561.96590917,571.49405044
616,2.8942661247167516,-13395.28840394112,35.64101385916014,1116.57754394,877.90711681,840.3118001,540.25355395,559.40426941,575.26646267
617,2.8942661247167516,-13395.01307290734,42.444273919460244,1112.50731998,877.66012693,837.68775414,534.13325134,560.10493518,574.2707485
618,2.8942661247167516,-13395.042448223703,41.77506484599322,1112.90466614,877.68476752,837.94543493,534.73156478,560.03683307,574.36860635
619,2.8942661247167516,-13395.040174018734,41.827282418380065,1112.87361069,877.68279916,837.92527265,534.68483591,560.04217288,574.36100406
620,2.8942661247167516,-13395.040082871446,41.82937378250198,1112.87234957,877.68278346,837.92446734,534.68293655,560.04239048,574.36066727
621,3.4551072945922217,-13395.861919450348,0.0008650320625026896,1139.10647909,879.06094978,854.23118677,573.76546212,555.42040205,580.50404969
622,3.4551072945922217,-13392.90020660439,86.50320625026896,1084.11559202,874.80379583,825.97208489,496.62083046,562.73169662,570.40598998
623,3.4551072945922217,-13395.737563341285,24.00195515180463,1122.80508771,877.99835651,846.27305014,551.27929596,557.68375598,577.69854024
624,3.4551072945922217,-13394.178650187994,66.68405555633665,1095.84151294,875.87776252,832.34489302,513.36161612,561.26035584,572.71572267
625,3.4551072945922217,-13395.24673252396,43.096507145977725,1110.4384164,877.08411256,840.00709476,533.9947852,559.35385937,575.46813678
626,3.4551072945922217,-13395.022997778095,49.09060457398128,1106.65996923,876.78525785,838.05184943,528.67715418,559.85459151,574.76841195
627,3.4551072945922217,-13395.041319650809,48.63087827224083,1106.94799402,876.80844254,838.20166087,529.08318386,559.81651086,574.82208297
628,3.4551072945922217,-13395.040163167818,48.66003981760068,1106.92981436,876.80699775,838.1921515,529.05746372,559.81894187,574.81861539
629,3.4551072945922217,-13395.040066645279,48.662472819592566,1106.92828334,876.80687595,838.19132648,529.05526208,559.8191354,574.81842271
630,4.1246263829013525,-13395.86192030434,0.0008649717710728332,1139.10641459,879.06098627,854.23114165,573.76555762,555.4203598,580.50406638
631,4.1246263829013525,-13393.717748265755,86.49717710728332,1080.66204501,874.10215655,830.55282421,498.00409682,561.34644693,572.55276404
632,4.1246263829013525,-13395.69040623124,33.150901990486005,1115.65357305,877.27820495,845.06541504,543.80045755,557.89369344,577.46210118
633,4.1246263829013525,-13394.517289286945,70.60097089163943,1090.75948235,875.08484032,834.84696509,511.34385045,560.38475614,574.01710644
634,4.1246263829013525,-13395.16527264347,53.909130557449316,1101.65680131,876.08439546,839.3837063,525.62980999,559.31382017,575.5535992
635,4.1246263829013525,-13395.055657050427,57.132035206668476,1099.52850303,875.89414663,838.50559532,522.84911767,559.5254977,575.25706277
636,4.1246263829013525,-13395.040085421017,57.572814679117236,1099.23830174,875.86800063,838.3855479,522.46957768,559.55429104,575.21647403
637,4.1246263829013525,-13395.040187568184,57.56993603838228,1099.24012639,875.86820709,838.38633816,522.47205544,559.55408363,575.21681533
638,4.923882631706742,-13395.86192069781,0.0008650432154274558,1139.10637202,879.06093566,854.23119484,573.76556873,555.42033016,580.50411423
639,4.923882631706742,-13394.42258898159,86.50432154274559,1077.59272387,873.80242053,834.65751701,500.59697062,560.11451781,574.32586762
640,4.923882631706742,-13395.551803207862,49.38854449131377,1103.09823907,876.15608684,842.99747586,531.32211099,558.24624599,576.98539789
641,4.923882631706742,-13395.133022053784,66.20562235213815,1091.38559731,875.10658817,839.20775476,517.27728897,559.1197092,575.78186791
642,4.923882631706742,-13395.037346090838,69.35599125554043,1089.22067444,874.90678615,838.49987242,514.66905095,559.27837786,575.55612309
643,4.923882631706742,-13395.040235650076,69.26337917971749,1089.28414151,874.91265923,838.52062099,514.74561347,559.27372704,575.56283733
644,4.923882631706742,-13395.040127680664,69.26684234867747,1089.28181923,874.91246324,838.51982191,514.74277644,559.27386514,575.56252967
645,5.878016072274912,-13395.861920682157,0.0008650699906973097,1139.10637836,879.06095732,854.23128545,573.76557378,555.42034938,580.50407405
646,5.878016072274912,-13394.99061241848,86.50699906973097,1075.215169,873.86607498,838.28125509,504.2638433,559.06493849,575.76439839
647,5.878016072274912,-13395.1216967702,81.5878953465732,1078.69857455,874.17756483,839.18078401,508.11871121,558.8789309,576.03565728
648,5.878016072274912,-13395.041284365667,84.64771375558793,1076.52988834,873.98408201,838.62119847,505.719484,558.99492687,575.86685904
649,5.878016072274912,-13395.040173525853,84.68901800685589,1076.50062261,873.98148039,838.61358398,505.6871432,558.99649762,575.86465143
650,5.878016072274912,-13395.040059606052,84.69325245775723,1076.4976066,873.98114583,838.61280298,505.68376647,558.99664077,575.86438137
651,7.01703828670383,-13395.861920333236,0.0008650649134834098,1139.10636814,879.06102027,854.23131319,573.7656211,555.42035816,580.50415427
652,7.01703828670383,-13395.41628386828,86.50649134834099,1073.81406836,874.20984745,841.4229894,508.77862886,558.20146659,576.91008542
653,7.01703828670383,-13395.861920333236,0.0008650649134834098,1139.10636814,879.06102027,854.23131319,573.7656211,555.42035816,580.50415427
654,7.01703828670383,-13392.863102547355,173.01298269668197,1012.53024824,868.9360865,828.76715078,446.10284692,560.47576435,573.26473419
655,7.01703828670383,-13395.886729827838,47.41114270174124,1102.79168019,876.45931625,847.19344819,537.86143085,557.00722971,578.54086841
656,7.01703828670383,-13394.920676130809,110.2120626992116,1056.6449302,872.80360956,837.93921196,491.3745175,558.87508498,575.91606393
657,7.01703828670383,-13395.100323449196,102.4448006326367,1062.23805129,873.26780929,839.07937191,497.05801249,558.65853023,576.24219963
658,7.01703828670383,-13395.042023349653,105.0461098377598,1060.36133783,873.11265424,838.69738864,495.15248016,558.73150151,576.1330013
659,7.01703828670383,-13395.040157364774,105.12800632261315,1060.30235126,873.10776684,838.68536477,495.09252614,558.73383606,576.12959691
660,7.01703828670383,-13395.040277186092,105.12274992229601,1060.30606693,873.10812656,838.68606204,495.09640101,558.73366393,576.12984084
661,8.376776400682925,-13395.88526558515,3.5881710499842248,1136.32731327,878.88815441,853.8096152,571.25380732,555.51315364,580.39304512
662,8.376776400682925,389419.6465556932,358817.1049984225,0.000302145875,0.0309060335,0.0070965356,0.000730859937,665.373317,563.693134
663,8.376776400682925,-13395.889744754206,4.326029145890124,1135.75636896,878.85259559,853.72287376,570.73738644,555.53227811,580.37014762
664,8.376776400682925,182108.68965934752,179410.71551378418,0.105645346,0.00390524791,0.000702385114,0.00166941874,646.188655,498.760609
665,8.376776400682925,-13395.894268128624,5.090275369990449,1135.16523432,878.81566755,853.63306232,570.20275746,555.55187134,580.34646167
666,8.376776400682925,79853.64546422564,89707.90289457708,0.000394710572,464.412043,0.268994435,0.00777913504,951.267016,0.000786598186
667,8.376776400682925,-13395.898907964189,5.895772744934915,1134.54250871,878.77672455,853.5384237,569.63923734,555.57264452,580.32159094
668,8.376776400682925,28957.11129423055,44856.899333661015,14.4490608,39.6818404,0.00565315272,0.0109020419,0.0101776036,571.733978
669,8.376776400682925,-13395.903891282092,6.787418783690363,1133.85354812,878.73361541,853.43355084,569.01566117,555.59555329,580.29390859
670,8.376776400682925,5630.351918768982,22431.84337622235,0.000141605696,0.000108449155,0.00183810427,0.000404450791,941.557905,1587.30359
671,8.376776400682925,-13395.909280157537,7.785687853760311,1133.08252962,878.68527205,853.31624767,568.31770767,555.62122869,580.2629915
672,8.376776400682925,-5589.768175946745,11219.814532038055,0.00171586408,0.000121679615,315.531766,5.98948228e-06,776.186918,1501.29658
673,8.376776400682925,-13395.915614561989,9.00993664649566,1132.13757343,878.62595546,853.17241525,567.46198648,555.65255336,580.22499591
674,8.376776400682925,-10503.987320376396,5614.412234342275,0.00450771279,476.276349,339.535481,0.00102858256,952.739247,1080.1874
675,8.376776400682925,-13395.923741900599,10.674332875612627,1130.85385399,878.54514603,852.9768341,566.29916597,555.69504133,580.17343874
676,8.376776400682925,-12626.994812653182,2812.5432836089435,83.3328381,585.794396,472.994627,0.0434649673,371.48746,701.248425
677,8.376776400682925,-13395.937632153406,13.832901004932818,1128.421151,878.39155106,852.60574388,564.09374473,555.77548852,580.07544373
678,8.376776400682925,-13222.67601748777,1413.1880923069382,313.133792,786.001254,699.493794,3.30762832e-08,501.307286,521.611048
679,8.376776400682925,-13395.961575848956,20.945992098289533,1122.95801985,878.04374607,851.77045837,559.13411661,555.95505111,579.85460666
680,8.376776400682925,-13354.955378981977,717.0670422026138,668.19138912,836.09330107,772.78342745,119.13500262,563.49662669,557.20212424
681,8.376776400682925,-13395.978782426928,36.30338436095839,1111.2353369,877.28530019,849.96857289,548.45903053,556.33558045,579.37689612
682,8.376776400682925,-13385.035885776508,376.6852132817861,873.46344412,858.2080169,810.67546067,323.3448655,562.24243703,568.50436355
683,8.376776400682925,-13395.885923234915,64.97809302832906,1089.60688143,875.84132873,846.60997438,528.64730442,557.01986782,578.48185002
684,8.376776400682925,-13393.155277024838,205.53634483955565,988.12788444,868.2900457,830.26849415,433.80106401,559.87680963,574.03658937
685,8.376776400682925,-13395.45119128158,107.65037180524132,1058.02443196,873.628831,841.62678614,499.45482801,557.97467525,577.14235423
686,8.376776400682925,-13394.981916131965,135.3854518250976,1037.86949132,872.15190955,838.39800222,480.66727919,558.55444447,576.26703236
687,8.376776400682925,-13395.066678892177,130.95242959131411,1041.07180166,872.38995491,838.9135205,483.66035491,558.46394276,576.40709978
688,8.376776400682925,-13395.05711069683,131.46268167433783,1040.70283606,872.36256551,838.85416132,483.31565548,558.47438132,576.39095427
689,8.376776400682925,-13395.056922474088,131.47269306694608,1040.69565808,872.36205512,838.85296152,483.30886747,558.47457745,576.390704
690,10.0,-13395.861919012086,0.0008650695782537938,1139.10637773,879.06098821,854.23139157,573.76575792,555.42032497,580.50411021
691,10.0,-13395.89495493345,86.50695782537937,1074.59503032,875.34639293,846.31886849,519.29339039,556.97223734,578.4990684
692,10.0,-13395.861919012086,0.0008650695782537938,1139.10637773,879.06098821,854.23139157,573.76575792,555.42032497,580.50411021
693,10.0,-13394.9748701724,173.01391565075875,1012.09877628,871.4208357,838.43797907,465.6711373,558.33795661,576.46972421
694,10.0,-13395.168806231723,160.28014633513314,1021.17764524,872.01107593,839.59576375,473.51077005,558.14869538,576.76991261
695,10.0,-13395.04238627688,168.7272061096521,1015.15060981,871.62011108,838.82761386,468.30819651,558.27467512,576.57076485
696,10.0,-13395.040193089511,168.86874583193813,1015.04980989,871.61340165,838.814713,468.22106557,558.27672192,576.56744978
697,10.0,-13395.040062178785,168.8771892692307,1015.04375275,871.61309326,838.81398982,468.21587792,558.27686854,576.56722753
